text,label
I wanna look like a whole different bitch on my birthday ğŸ˜‚ I just need a new hair color,0
Whoever stole my lip stick bag last night thanks! Just remember karma is a bitch. ğŸ‘ˆ,0
@_DonJulio1 ğŸ˜‚ğŸ˜‚ don shut yo crybaby ass up bitch you be hoeing ppl all day on this bitch,0
"Ion care what a bitch think or how a hoe feel , cause ain't none of you hoes paying my bills in ain't none of you hoes finna get me a crib",0
"Love is a bald headed ugly ass slut bitch, but hey we all have it in our hearts and go through the good and bad of it..",0
"ğŸ‘¦ğŸš“ğŸš¨ you my nigga!!! You a bitch tho I'll fuck you up bitch. 2k , madden? Anything hoe",0
I'm not about to wash a grown ass man dishes. Bitch I don't live with you or contributed to that filth. Hoe you NASâ€¦ https://t.co/dbNbxezC06,1
Update: Blocked the bitch. Fuck that cunt.,1
"If your white, red, and blue converse are no longer white THROW THEM TF AWAY! I'm tired of seeing them dingy ass shoes. Ya ain't cute bitch",0
"It legitimately makes me sad when people try to use whore/slut as an insult, it's 2017 lol stop living in 1887",0
"Fuck U bitch! He wasn't a fictional person, he was an internet manwhore!! He brainwashed me & never wanted to SKYPE ME & he used me for",0
@grapeskittle0 I'm a basic bitch what can I say,0
@STONEWHORE She looks like a bitch I'm in love,0
Who try to cut into a female then ask them to come over! Nope bitch cause I'm bout to hoe you ğŸ™ŒğŸ˜‚ğŸ˜‚ğŸ˜‚ğŸ˜‚ğŸ˜‚ hang up on me neowwwww,0
Hoes Will Get A Room. Invite you. Swear Up & Down You The Only Nigga She Invited. Then When You Get There That Bitch Be Full Of Niggas ğŸ˜ğŸ˜‚,0
BITCH HOW CAN U SAY THIS WHEN UR A WHITE MANS WHORE. https://t.co/sJzng7ywdd,1
Me and Jayleen literally came at this bitches life because she thought she would be a cunt,0
I love females that remember that they are women not men that irks the fuck out of me when females be out here acting like dudes bitch relax,0
Disgusting White Supremacist Whore. Drown in Semen bitch.... https://t.co/mqwqz4I9Lc,1
"bitches be mad I'm not pressed over them. sorry, wrong whore ğŸ˜­",0
Im tired of these im a gangster ass hoes ğŸ˜‚ğŸ˜‚ bitch you don't even know how to reload a gun and don't know where the safety at,0
Don't let these jealous hoes trick you into thinking you ugly . Slay bitch ğŸ‘‘,0
I like my niggas meanğŸ˜ğŸ˜ğŸ˜ If a bitch touch you look at her like she got horse shit on her shirtğŸ˜˜ and tell that hoe too back tf up ğŸ˜,0
@1932837484737c Omg bitch....this whole time I thought u were talking about avatar,0
Bitch shut the fuck with your muggle ass...avada kedavra hoe https://t.co/6I9jU4PURi,1
bitch im gonna get that damn pair of shoes aMEN,0
"@jakepaul ""That's a taboo word in today's world"" not when your own son is being an absolute cunt, bitch.",0
I was singing in front of my whole family and I accidentally said bitch I feel so exposed,0
Other people: gosh darn it  Me: god damn tittie fucking cunt ass bitch mother fucker,0
"all these niggas that be friends stay in my DM.. bitch i am not a hoe, and no you will never fuck. y'all so damn annoying !!!!!!",0
"It's funny trying to be told what to do  I will wear what I want  Talk to whoever I want  Post whatever I want  & be whoever I want to be, bitch",0
"Going back to Cali strictly for the weather, women and the weed, Sticky Green! No seeds, bitch please ! - Biggie Smalls",0
YOU BEAUTIFUL   YOU VALUED BITCH  YOU ARE A SPECIAL TREASURE AMONGST MANY KINGS HOE  YOUR WORTH IS IMMEASURABLE BY ANY EARTHLY UNIT    NIGGA,0
I pretend to put my cock in jenelles mouthand pull it away last second and pound that bitches teeth out. Then thrust punch the mouthy cunt,0
i am s1-3 damon salvatore's bitch. i've been called a white man's whore,0
Theon greyjoy is a cunty cunt that deserves getting his dick cut off. Traitorous bitch #gameofthrones,0
"@KWintie @shoe0nhead @marinashutup Kristi you fugly looking bitch, the only wrong you had to right was that you looâ€¦ https://t.co/5AbFRAirOF",1
"@Heidi_Villegas Hahahaha bitch, I watched that video and the whole time I was like ""Kim wants to just get up and leave.""",0
Depression isn't just a bitch. It's a Cunt! Still gutted about the Chester Bennington news. #LinkinPark,0
Lana i love you bitch. Put that flag back up hoe ğŸ‡ºğŸ‡¸ #lustfoflife,0
Happy birthday to my bitch ass cousin  @_kneesha ğŸ˜ğŸ˜˜ğŸ˜˜  Love You hoeeeee,0
"Stop playing with these women hearts. Karma ain't a bitch to play with, she really has no feelings.",0
@vickytibbbs @laurennnnpeace @Fuxk_u_whore @Bethwoolrich @jasminekenyonx1 @LucEarle @xyzhui yes bitch lookin good xx,0
He says if you buy a bitch some shoes shell walk out your life in them. So baby im buying you jelewery,0
He gone tell me he gotta come to MY house so ME can wake him up for work in the amğŸ˜’ bitch have one of yo hoes wake you up,0
Your hoes be eating dick so skip the kissing ( stop it bitch ),0
i am not the one defending racists. you are. you NEED knowledge. bitch suck a dick and die slow hoe. https://t.co/iA9Rf0KSBD,1
I want their puma shoes but a bitch is broke and cant afford them,0
Do ppl just assume I'm a whore bc of how I look? Bc bruh this Bitch can't even get a text back soooo ğŸ’,0
"Broke niggas ain't shit cept to a broke bitch, and a hoe witout no dough is a hoe you won't see me wit.",0
@BradTheLadLong Bitch??? Excuse you??? How dare you?? Who do u think u r you hoe?????,0
all imma say was harry was a cunt and I wanted his bitch ass to die,0
@serHoe45 Every time I try to be in my feels you always gotta ruin it like shiii let me be a depressed bitch  ğŸ˜‚,0
"Bitch wtf is that noise, are the bugs making noise already too??? like go back to sleep you assholes",0
These hoes gone break your heart but aye that's yo down Bitch tho,0
"I know every word to Trina's Nann  Hoe verse, da baddest bitch x Trina, my neck x back x khia, crush on you & queen bitch x lil kim",0
"@DatboiDemi @iThrashHoe_ ğŸ˜‚ğŸ˜‚ bitch you gay, you know what I mean",0
MOTHERFUCKING BITCH DICK CUNTBAG LARD EATING ASS SU... â€” i'm gonna make this my bio tell me who this is i wa... https://t.co/JVJrEGTC8V,1
just spent a whole 16 minutes in court..... bitch it takes longer to drive there,0
@hoess_swagg52 @ChingChangGino Send me your info please cause you too loose with this bitch word ğŸ˜‚,0
"Chicks be 2 weeks pregnant and be like ""what my baby needs, I got em""....bitch, your baby need facial features first hoe.",0
how can i get those mf shoes bitch,0
@GrouchBun What a whiny bitch! He doesn't think it's hard work not punching rude assholes like him in the face every day? Fuck him,0
i truly should've blocked carter when this bitch said orange juice and grape juice better than apple juice.,0
whoever's going down to smoke secretly can you please lock the front door i keep getting blamed for keeping it unlocked bitch wtf,0
"Mfs be like ""I'm at work"" NO BITCH you just collecting a whole pay check with out working bc you don't DO SHIT.",0
"For everyone who calls me a bitch, hoe, annoying, ugly, emo, etc. you're probably right congrats here's your medal good job ğŸ‘",0
Karma is a fat bitch!!! #asshole #shoutouttomyex,0
"I encourage all my friends to do everything so if they want to be a hoe, bitch I support you.",0
@GerekWright @tylerthecreator Lmao! Bitch SHUT UP! I'll fucking finesse your jaw hoe!,0
"I hate when people say ""don't throw shade, be direct"" like bitch your basically fucking up the whole concept of throwing shade .",0
"I wish the word hoe/hoes/whore didn't exist, I really feel like those words have the sexually liberated ladies scared to be themselves",0
OMM ILL BEAT A BITCH FUCK YOU PLAY ME FOR HOE,0
I feel like such a bitch and cunt rn ğŸ˜­,0
"Miserable loves company ğŸ¤—, that's why a bitch can't get an argument from me , argue with yourself hoe cause I like to fight ğŸ˜…",0
@phoenixvibes @BogdanValko you a straight bitch,0
"""Previously Deported Child Molester Re-Arrested In Arizona does """"sentenced to 8 years of intensive supervision"""" mean? He is re-entering US 7 years later!#BuildTheWallNow #MandatoryFullPrisonTerm #NoPleaBargain#DeportThemAll""",1
"**Illegal Criminal Alien Raped Young Girl In Alabama.**Elias Pablo, who is a resident of Guatemala and an illegal alien to the United States, has been charged with having sex with a child under the age of 12.#DeportThemAll#BuildTheDamnWall",1
Thank you @WHDLASD for doing nothing while a homeless man called me bitch and a hoe 3in. from my face while your patrol car was at the light,0
"@MyHoeStory kwontinue.   Karma is Bitch, keep that in mind.",0
Bitches Boyfriends/baby daddy/ husband be locked up for 10 minutes and already going out to be a hoe bitch you sad ğŸ˜‚,0
Just got a whole eyeshadow palette and three eyebrow pencils i am so ready to be a bad bitch shsyxgxjx,0
bitch im tired of these ghetto ass parents . if your want your kids shoes to flop off them then be my guest but dont bring them back,0
So I'm thinking my alarm didn't go off this morning and whole time I set that bitch for 6:00pm,0
YOU A BITCH @carroll484 AND YOU IN MY FUCKING CITY HOE. ILL SEE YOU SOON BITCH BOY,0
KYUNGSOO AND FUCKING BAEKHYUN IN TODAYS PERFORMANCE OF THE EVE FUCKING TOLD ME IM A DIRTY CRACK WHORE BITCHHHHH,0
"@Bencjacobs Ben, you are shit on my shoe still bitch.",0
Other people: gosh darn it  Me: god damn tittie fucking cunt ass bitch mother fucker,0
"CUPS BITCH I KNOW YOU READING THIS SO WITH THAT BEING SAID, YOU RUDE FOR NOT TELLING ME HAPPY ANNIVERSARY WHORE!!",0
@slutkIaus happy 4th birthday big bitch!,0
Depression is such a bitch man. Pls stop treating it as a joke. I fought depression my whole and I got help for it. I feel more at peace now,0
@tehseenp @PMOIndia you go and lick the shoe of italian bitch,0
And who claims rape on twitter lol. Uh come on now bitch .. https://t.co/Me4pkfnXw4,1
@DailyCaller What a cunt...stay away bitch,0
"You ruined the NBA you underweight, no hoes having, bitch @KDTrey5",0
i don't even know that rapist pedophile dyke tranny bitch whore. tell her to go suck her own dick! AND YOU DIDN'T Kâ€¦ https://t.co/xEsoFdpI4y,1
"Life's a slut, a dirty hoe, either way I can't bitch. -Young Jeezy",0
Why Females Assume You Got Hoes ?? Like Bitch Ian Got No Hoes ğŸ˜’ğŸ’¯,0
@hoeslovejuju_ bitch you the one that said you wanted to play,0
@CNN A lovely African Rapefugee strikes again.,1
When dudes act like a chick they truly are a little bitch #hehoes,0
My man bag cost four thousand bitch your bag cost no thousand Ahahahahah ahhhhhh deexxxterr silly lil hoes,0
I hate when people line their shoes up around the room. Bitch you not USED to shit. Your ass need a closet ! ğŸ™„,0
"I hate for females who hang with me but out here fucking my ""Property"" like bitch wtf you doing on my land! Hoe!",0
"people stay talking about ""I don't have her number no more"" BITCH THE WAY YOU STALK ME HOE YOU KNOW HOW TO GET AT ME BE FRâ€¼ï¸",0
im that bitch who goes thru the whole comment section to like all the comments talking abot jm it be like this,0
GOD BLESS AMERICA AND ALL THE BEAUTIFUL WOMEN IN IT  Yasssss bitch ğŸ‘ğŸ‘ğŸ‘ #LustForLifeListeningParty,0
Life's a bitch because a slut would be too easy .,0
hell yea bitch dis go hard as hell flocka i will suck big dick team slut all day and week month year and century i love big naps,0
@CuntlessFag @GoodFetishSG DO NOT IMSULT MY FANS BITCH,0
You trick ass bitch! All these broke ass hoes going too https://t.co/SzfH8NLlYk,1
"Bitches think it's easy for a nigga to trust them.Bitch we seen way to much to trust you just cuz u say u ""not like the rest of these hoes""",0
& mines better bitch! You playing with me on twitter like you wasn't fucking the friend. Shady ass hoe. https://t.co/3OOoLtaLoE,1
"I ğŸ‘€ acting like you happy, ğŸ‘€ you like to pretend. You call that hoe yo baby and that bitch be calling you her friend. #IPeepedIt ğŸ‘€ğŸ‘€ğŸ‘€ğŸ‘€",0
@exohoe WELL BITCH TELL ME HOW YOU DOWNLOAD VISS,0
"This fat bitch Florence is apparently supposed to land right on top of me, so I'll be out of town (& likely offline) for a little bit, which means I'm officially a rapefugee.",0
I'm really too grown to get out w a Bitch to fight but it's a certain level of disrespect with you whores and I will handle mine,0
"bitches be expecting you to stay around while they hoe , bitch u crazy",0
@shortythrift You're not females you're hoes why do you think god tried to kill this bitch 2 years ago? You're nothâ€¦ https://t.co/swjQMrKvuU,1
@DouglasGeng Rape a pregnant bitch n tell my friends I had a 3sum,0
@JournalsCunt BITCH DONT TEST ME,0
@Synaaf bitch pussy cunt fuck,0
@Jocelllyyyn OK BITCH WELL ILL LEFT SWIPE YOU AGAIN HOE BYEEEEE â€¼ï¸,0
And don't ask me who I'm talking about.. if you feel like that mothafuckin shoe fit then by all means bitch you rock it!,0
@aeshoel Bitch please??!! ahh I love you a lot too <3,0
@cecilialoveee_ don't do too much before I expose you baby hoe Bitch ğŸ˜‚ğŸ˜‚ğŸ˜˜,0
"To whoever stole my Birkenstocks at work today, you're a bum. Bum ass bitch.",0
"@PopCrave ""Cause every women has the right to do what it is that they want to do""   Guy: ""no no no""   BITCH WTF DO YOU MEAN NO",0
These bitches want you to bring something to the table... that other hoes are sittin at    Bitch.. i dnt do team meetings,0
If a guy gets out of a relationship and he fuckin a new bitch the next day then yall saying he a hoe??? Smfh,0
"It pisses me off when someone says that a girl is a whore, like grow the fuck up and learn to respect women",0
@newrisenphoenix My bitch brother.,0
"@TheNYevening What do you expect from a woman beating, goat fucking paedophile worshipper?!?!?!#BanMuslims #BanIslam #CloseTheFuckingBorders #SendThemBack to their shitholes!!",0
@SweeetRosy He's a bitch and a fucking cunt that should get his throat ripped out my canine's,0
KYUNGSOO AND FUCKING BAEKHYUN IN TODAYS PERFORMANCE OF THE EVE FUCKING TOLD ME IM A DIRTY CRACK WHORE BITCHHHHH,0
Hate when ppl text my phone and i don't know the number but I ask who is this and ask me a question bitch stop texting my phone whoever u r,0
She's a bitch...   No less than a whore. ğŸ˜¡ https://t.co/zeahpjeYCt,1
"@__SillyME I be baffled bitches quick to say "" you fucked this n that""  ğŸ˜‚ğŸ˜‚you a hoe you a freak bitch ğŸ˜‚ğŸ˜‚ https://t.co/BGR5P6tbSD",1
"Money isn't everything , But everything needs Money...    Sike money everywhere bitch fuck all you haters, hoes and fake ass ""friends"".",0
"If you think your sarcasm will be offensive, say it, whoever finds it offensive is a bitch and you don't need such negativity in your life.",0
"Im going to explode if I have to listen to these entitled, privileged cunts bitch for ONE MORE SECOND about their inconvenient FREE flights",0
Linkin Park tunes whole day in dis bitch,0
Fat whore!!! Ugly bitch!!!    Me: https://t.co/PrCTAClHXz,1
"""The first sexual attack against a woman happened in Hungary. The criminal is a """"legal"""" afghan rapefugee. This is how Orban protects us.""",1
"@Peanut0423 Ian Connor raped that bitch too, stay woke",0
Why niggas be cuffin proud whores though? Nigga we use to call that bitch Smash Mouth,0
@90skillermgc happy birthday bitch i hate you come drive & see me you fucking hoe,0
I'm excited to get my new glasses Bc I turn into a whole new bitch,0
"So I got called a slut, whore and bitch for sticking up for @Its_Ricco_tho but j really don't care cause I got to my point",0
"""Illegal Alien Set Free On Bond by Obama Has Murdered a Woman and Kidnapped Her Baby @GOPLeader @HouseGOP Why do the citizens of the U. S. have to put up with these atrocious """"Illegal Alien Crimes"""" against Americans?#HonorYourOath#DeportThemAll""",1
"me to michael  ""i use to think that you could judge someone by their shoes but now that that bitch bought checked vans i guess you can't.""",0
@MikeHanchoe bitch please lmao no for real I want to leave lol,0
I hate you hoes know who Journee daddy is cause y'all think fuckin w/him gone make me mad bitch kys,0
"lmao just got told how i'm sitting is not ""pretty"" cos my whole ass apparently is on display lmao bitch please",0
i hate how hoes think they know me like bitch you got me bent . if you got sumn to say say it . dont beat around the bush ğŸ™„ dum bitch,0
Every man Cheat and Every bitch lie. Call it Even Lil lil Lil whore #blacYoungstavc,0
I chose cunt instead of bitch because cunt is the worst curse in the world to the whities,0
"love a romantic date in mallorca , reminds me of Lauren's date she had in Palma city silly bitch I'm still jealous . Even if he was a cunt",0
Bitch you can't hoe me I laugh at everything ğŸ˜‚,0
@deecutelilnug Which one lol? That slap bitch is a cunt fuck that guy,0
@1800chokeawhore @Kakatshozi @pyepar @Mimi__Amina @La_Ju_melle @tricia @Bwomono @TulaWansi @SheilahGashumba She agay bitch?,0
ok I hate to be like that bitch but if your in the us how do you buy the shoes?,0
"This old ""friend"" called me a broke ass hoe and a week later he lost his job lmfao. Karma a bitch",0
"whoever called my phone private bitch don't do it, you don't want itğŸ˜‰",0
@PrinceTatted OMM he a whole bitch bro,0
don't speak on me bitch if we aint cool!!! none of you hoes!,0
"happy birthday to my hoe Bitch I love you hoeeee , turn up get some dick ğŸ˜‚ğŸ˜‚ğŸ’–",0
"Boy, byeğŸ˜Œ ""@diorwhore Delete his number and put a face mask on bitch it's recovery szn""",0
welcome to thailand bitch- we find rape culture very humorous and we make jokes out of it smh,0
Pussy ass bitch cunt fuck I HATE YOU.,0
how bout you mind your fucking business bitch. be moral....silently. hoe. https://t.co/fODCvxyPWC,1
"@sljoness___ @xo__reddd @iiM_JusJerricka Beat it bitch you was coppin pleas until I started hoeing you . ""I thoughtâ€¦ https://t.co/jGudK33pNz",1
A nigga never go respect a bitch who post nothing but have naked pics on here or showing there ass 24/7. You go be looked at as a rat hoe,0
And me and my friends are all hostile cunt bitches,0
"When my sister and her boyfriend was arguing my nephew went upstairs & said ""my mama not a bitch or a hoe so you better watch yo mouth"" ğŸ˜‚",0
Karma a bitch nasty hoe,0
@dropdeadcunts Same. Let's romeo and juliet this bitch.,0
Bitches hollering it's tooo hot!! Well bitch go back to winter you can have that shit hoe you wasn't yelling it when yo ass was freezing ğŸ™„ğŸ‘‰,0
I tried to call this bitch @supremeshay_ at 12:21 and she didn't answer. Like why are you sleep wake tf up it's your whole ass birthday,0
"ima mf asshole, bitch I'm the shit.",0
My mom tryna bribe be into watching my brother and sister for a whole nother week. Bitch this been the longest 11 days of my life.,0
"Any bitch who feels comfortable to be in your face and talk to a nigga you use to fuck with call them hoes ""seconds"" better yet clowns.",0
"Also I've heard vegans make some wild af false equivalencies lol. Like ""dairy is rape"". Bitch no rape is rape, dairy is delicious.",0
"I'm that person that is always down for shit, like if you were to text me and say ""hey we're headed to Cali for shoes"" down bitch, Lets go",0
"Lil' bitch! You can't fuck with me if you wanted to! These is cheap, these is Walmart shoes! ğŸ˜‚ğŸ˜‚ğŸ˜‚",0
You hoes can't rap stop it bitch âœ‹,0
"Calling me a ""bitch"" and a ""ratchet ass whore"" out of the window as you drive by, is honestly so ridiculous. Please grow up.",0
Boy you a hoe or a bitch if you will,0
@giannallis BITCH I LOVE YOU WITH MY WHOLE HEART UR MY FAVE PERSON EVER THANK U â¤ï¸,0
CANT PEOPLE HAVE NEW FRIENDS?! WHY DO YOU HAVE TO KEEP THOES PEOPLE ALL TO YOURSELF?! TF BITCH!!,0
"Do you think BeyoncÃ© is nice or a bitch â€” A little bit of both, depends on the time    Wonhoe w... https://t.co/BdiddlPtqH",1
@realDonaldTrump Bitch you're such a hoe.,0
WHAT THE FUCK IS THIS SEASON TRAILER DON'T TELL ME RICK WAS IN A COMA THIS WHOLE TIME BITCH #THEWALKINGDEAD,0
"T went from ""rape a pregnant bitch and tell my friends I had a threesome"" to singing about gardens and love wow the character growth",0
Daniela leaves to dr tomorrow for a whole month bitch ima b sad af,0
my whole life i thought a bitch = female dog is a 'puta' in spanish but its an actual insult,0
If it's called face time bitch I wanna see yo face the whole damn time ğŸ˜‚ğŸ˜‚ğŸ˜‚ğŸ˜‚,0
my manager just asked me why i seem so depressed like bitch i been this way my whole life,0
"I'm ANTI, can't no gov't handle a commando. Your man DON'T want it, #TRUMP 'S a #BITCH, I'll make his whole brain go under!-@Eminem #DropğŸ¤",0
"T went from ""rape a pregnant bitch and tell my friends I had a threesome"" to singing about gardens and love wow the character growth",0
"@ytrapehterehw niggas be eating sleep for dinner cause he feeding a bitch that ainâ€™t letting him in the same vicinity as the box, smh",0
@the_blueprint @ImToBlame True. Maybe he'll sink the whole shit cuz he's still mad he got bitch slapped in his dormitory doorway.,0
"i don't care what a bitch think or how a hoe feel, cause ain't nann one of you hoes paying my bills ğŸ˜› https://t.co/CHYWMwnAHg",1
"@fancysamlong @Kjdebb12 @celticlass340 @realDonaldTrump I don't want death! I want my grandchildren to their rightful place to become what they what! Not after government alots so many spaces for illegals, not fair for my off spring!!!#AMERICAFIRST #NODACA #MAGA #Gohomewhereyoubelong",1
@goddessnaenae @RTfootwhore @rt_feet @RTfindomfeet @FootFetishUP Dirty ass feet go take a bath bitch maybe youll haâ€¦ https://t.co/AW3Ah78rxE,1
@DARKFiNNMEME BITCH I JUST LOVE U AS A WHOLE U MY DUDE,0
im tryna go ghost n come back a whole new bitch like BAM,0
@exohoe BITCH THATS LITERALLY SO FUCKING ANNOYING,0
"@KyrieIrving your shoes are ugly and anarcho primitivism sucks, bitch",0
"Calling me a ""bitch"" and a ""ratchet ass whore"" out of the window as you drive by, is honestly so ridiculous. Please grow up.",0
"@GalacticHole Britney, bitch",0
Whoever cut down the rope swing is a bitch,0
"ğŸŒ¹ğŸŒ¹ğŸŒ¹ğŸŒ¹ğŸŒ¹ğŸŒ¹@LaurenJauregui BITCH I TWEETED YOU SO MANY TIMES STOP BEING A HOE , I LOVE YOU LMAO",0
All these people slut shaming @KailLowry for having 3 baby daddies....like you people have only slept with 1 person ever! Bitch please!,0
i gotcha man thats all i gotta say everybody know you a hoe anyway bitch recognize i got these thick thighs,0
To Whoever the broke ass bitch that stole the seat off my atv...fuck you man! I gotta job I'll buy another.,0
Run a train ona a bitch is rape in others eyes,0
"Cruel mistress wanted, will pay 5$ a week, to be her bitch 24/7 #findom #loser #humanatm #walletrape #FemaleSupremacy #paypig",0
@Wonkette Tucker an arrogant ahole! A Trump bitch!,0
@tayyylor21 And you always been a bad bitch ğŸ˜ğŸ˜ hutbyiu was wearing brand new uggs and toms every other day!! I was wearing shoes from 06 ğŸ˜‚ğŸ˜˜,0
I'm not out here entertaining dudes bout shit. 1. I'm pregnant with a whole ass baby. 2. What kinda dirty trick ass bitch u take me for?,0
"Hoe stood behind a car door and said ""I don't feel comfortably with you that close"" bitch made ğŸ˜‚ğŸ˜‚ğŸ˜‚",0
"i listened to the whole album and cried like a bitch this shit is fucking beautiful, Lana did it again #LustForLife",0
@yungprincesss_ HAPPY MOTHAFUCKIN BIRTHDAY HOEEEEEEEEE ğŸ’–ğŸ’–ğŸ’–ğŸ’–ğŸ’–ğŸ’– I love you so much real Bitch for life ğŸ‘‘,0
"How can some of ya worry about how the next nigga/ bitch livin. Who gives a fuck if they broke, or they out here hoein. It aint YOU, is it??",0
I feel like a whole new bitch whenever I paint my nails white lol,0
toe up ass hoe stop worrying bout me and get them roaches out yo baby bed punk bitchğŸ—£ï¸you wan me clean yo house for you??,0
Bitch you came on TWITTER to say this?! Hoe. https://t.co/wzmnStONyf,1
"@ViaBTC ""Forked in China"", BCC == BitcoinChaChing / Bit-China-Coin / Bitch-China-Cunt / BitchslapChinaCunt / BitchChinaCoin...  Great coin!",0
niggas be hoes talk just like a bitch & no you aint real scratch that off the list ğŸ™ƒ,0
Idk who niggas play me to beğŸ˜‚ I can show you better than I can tell you thoe bitch,0
"Bitches get mad cuz they donâ€™t get posted...Bitch maybe if you wasnâ€™t a. Trifling ass, hoe ass, uncaring ass bitch, maybe he would post youğŸ˜‚",0
@V_of_Europe I can't believe we live in times where butt hurt cunts looking for apologies are given a platform.  Life's not fair bitch,0
"I will never trust a hoe I to went outta respect, that still double crossed me...     Bitch you alreay lost !!",0
I got Christmas Law and the Doflamingo sugo-rare and they called me bitch and whore and sexually harassed me LOL.,0
@reggiesmth Right. She got a whole army behind her so dude better stop acting like a little bitch,0
Bitch nobody really cared about u in 2010 tbh. You was just some regular hoe in videos. Cardi making music sis ğŸ‘€ https://t.co/cDQcdU3IaJ,1
"get you a bitch to stan who can drag a hoe frm across the country, and promote her ep, i'll wait... https://t.co/h3Vd7dyAmv",1
"i get whoever i want, bitch you ain't me ğŸ˜‰",0
"This bitch so pressed lmfao, like Dana still sleeps good at night move on you lame ass hoeğŸ˜‚ https://t.co/Kghf2x6t1F",1
I learned today that whoever runs the watchmojo YouTube channel is fucking bleeding like a bitch,0
I hate being used. lied to. taken advantage of. I hate fake people. Don't ask if this is about you. If the shoe fits lace that bitch upğŸ‘Œ,0
@Aloha_Hoesss @MaxIzBetha @TaylorMadeOT @danpack6 where Goku is scared...Vegeta accepts the challenge bitch nigga,0
Bitch told me I couldn't withstand the storm told that cunt I am the storm ğŸ˜ˆ,0
I feel like a whole new bitch with bangs,0
the mobile app keeps asking for me to put in the password for @alyspinelii BITCH THAT ACCUNT DOESNT EXIST,0
I JUST WATCHED W VIDEO OF A SNAKE EATING A WHOLE FUCKING DEER BITCH NOPE,0
"@DamienHaas congrats on becoming the breakfast bitch, if you were watching the comments I was the one with the lobster shoe profile picâ™¥ï¸â™¥ï¸",0
Before I ever let a bitch make me mad I'll laugh at that bitch right in ha face ğŸ˜‚ğŸ˜‚ ion take you hoes serious,0
Depression isn't just a bitch. It's a Cunt! Still gutted about the Chester Bennington news. #LinkinPark,0
Bitch couldn't tell me he was going to Orlando cause he going to be a whore ! So DO YOUUUUUU lil baaabby,0
bitch i really want to buy those puma x bts shoes.. its so cute,0
@Ohio_Buckeye_US @CarlBotha2 @NancyPelosi must be so proud of her little spark of divinity. #WalkAway #LiberalismIsAMentalDisorder #DeportMS13 #StopDACA,0
"Of course Life is a Bitch.. If it was a slut, It would be easy..    MAYWARD MahalKitaKasiBiga10Na",0
If he can comfortably call u or any other girl a bitch or a hoe bc u or they dont meet his expectations of how a girl should be HE IS SEXIST,0
@cuntc0la Bitch I ain't got that kinda money,0
@cynthepimp Bitch i love you come back to California already hoe <333,0
I literally HATE drunk me. Bitch is a lil cunt,0
I must be a cunt or some fucking horrible person to get treated to way I do by some people. I should just change and be a ruthless bitch,0
on bd yo nigga a hoe â€” on me you a bitch  https://t.co/S70bKxE2yL,1
Of course life is a bitch. If it was a slut it would be easy,0
I hate mfs who slam doors when they mad like bitch if you break my shit how ima keep the hoes out?,0
@sadhoeflo Lanas not a problematic bitch though...,0
not letting anyone use my kids to be a petty cunt. Kudos to me bitch.,0
Dicksucking a bitch that don't even like you ğŸ˜‚ğŸ˜‚ğŸ˜‚! I hate fat lame hoes bro seriously,0
@CumJonDown Being gay is a fucking superpower embrace it bitch you Betts shut these hoes down #nottodaysatan,0
@diianaaprince BITCH HOW DARE YOU SUPPORT NACYS HOE ASS!!! IF SHE HAD LISTENED BARB WOULDNT OF DIED https://t.co/Hr72mVKwKb,1
I'm ready to beat a bitch with another bitch. But you hoes not worth my time or attention.  #YeahDatWayğŸ‘‰,0
if tha shoe fits.. put dat bitch on nd do sumn bout it if u dont like it,0
have you ever called a dude a hoe or a bitch like he one of your bitches? ğŸ’€ i be slipping up,0
"@Mobute @doggz1 Oh cry me a river you obstructionist aholes.  As the kids say ""Karma's a bitch""",0
But bitch it wasnt about you! that's what im saying! and again you sitting here tryna make the shoe fitğŸ˜‚ https://t.co/O8lrbL69B0,1
bitch is episode 41 out yet im going to kms i hate having to wait a whole week for new episodes,0
@Runn4UrLives Maybe Hal has an undetected congenital heart defect that can remind him of karma being a bitch to A-holes.,0
karma a lil dirty slutty sneaky bitch,0
I now understand women when they say humidity is a bitch for hair. Fuck this shit.,0
"If the shoe fits, feel free to lace that bitch up and wear it ğŸ‘ ",0
Same shoes everyday but bitch I'm still swaggin' @UglyGod,0
"Yooo y'all remember when Tyler said ""rape a pregnant bitch and tell my friends I had a 3sum"" now he's singing about calling him lol growth",0
BITCH  BTS ALREADY BURNED THE WHOLE UNIVERSE WITH NOT TODAY WHAT DO U MEAN HOT BUT EVEN BETTER IS THERE ANYTHING LEFT TO BURN,0
Woody Allen ..uflrghhjj .. hiding behind Hollywood production houses bitch raped his one step daughter and married another,0
let me clear things out. rape could happen to anyone bitch and everyone is a fucking potential rapist,0
@funkegg bitch the whole joke is that he's in blackface sit ya wanna be woke ass down,0
I need to smoke & you bitch ass plugs acting like hoes ğŸ˜¤,0
@ribelliaj You're a hoe bitch,0
I talk a lot of shit about hoes but Fr tho fellas why would you want to be broke fuckin wit a female you can't even get the bitch no fries ğŸŸ,0
Bitch I'm the man. Hoe I'm the man. You know I'm the man.,0
I was thinking they found A WHOLE catheter in there and I was like bitch please but that is vile AF!!!!!!!!!!!!!!!!!!,0
I love you...bitch. I ain't never gonna stop loving you...bitch. You're my best friend in the whole wide world and I can't wait to hug you,0
"#50CentFrostyFilms Look At My Half Dollar PopSicle, Bitch.... Grape",0
Bitch shut the fuck up. He tried to stop her from getting raped but he was drunk.Nd he lied so he wouldn't hurt herâ€¦ https://t.co/7uMkHSXO3n,1
"This white man called me a cunt? like what is that? Is it like saying ""bitch"" lmao",0
Dese bitches will whore around lookin fa love; pathetic ğŸ˜´ğŸ˜‚,0
"@coronechinna99 Nah bitch ain't no fuckin shoe , stfu . You a obsessed hoe . He done with you , move on with yo lifâ€¦ https://t.co/yZoKfYhnPu",1
CANT PEOPLE HAVE NEW FRIENDS?! WHY DO YOU HAVE TO KEEP THOES PEOPLE ALL TO YOURSELF?! TF BITCH!!,0
"@megmckenna8 i just totally read that wrong as "" you're almost as pretty"" but you are my whole heart Bitch ily",0
@Ronnie2K bitch ass Ronnie nigga suck my dick bitch give me my vc hoe ass bitch don't play with me like this nigga I'll kill you bitch,0
@brent3pitt I asked somebody for this hoe and they gave it to me you finna piss me off bitch gtf out my mentions,0
"Andrew from Big brother, THE BIGGEST CUNT EVER!! Guy needs to be fucking humbled! Fucking little bitch! Can't stand the cunt #BigBrother",0
"if your comeback is just saying the words ""bitch"" and ""hoe"" dust yourself off and try again ğŸ˜‚",0
"@MedMindset @blackpilllolita @gtfomika @TradPost9002 @snejanja @evolasbae ""Stop talking like a whore to me""    Quit being a bitch bro",0
@jakepaul hey white trash go fuck your self dumb shit hoe bitch disgusting hoe,0
@BenthemanJacobs Bitch I used sunscreen the whole day,0
"ILLEGAL IMMIGRANT arrested in North Louisiana, accused of rape and human trafficking #BuildThatWall #MAGA via @WWLTV",1
Sometimes I wish my bitch ass wasn't clumsy bc I fell and scraped my knee at the pool and everybody saw me fall,0
"Will I be offended when cunts celebrate my death by rejoicing and bitching about me?   No, because I'll be a dead cunt.  ğŸ˜‘",0
Hoes be like what do you do for a living ? Where area you live in ? Nun yo fucking buisness gold digging ass bitch,0
minghao really is a whole entire fuckin MAN i love that bitch !,0
ITS SO DISRESPECT IF YALL FRIENDS CALL YOU BITCH OR HOE . !!!!!!!!,0
Ugly bitches N FUCK THAT WHORE FUFU YAI,0
"Do I have a favourite track? The whole album, bitch.     #LustForLife",0
@CUNTGAWDESS Bitch I'm scared lmao,0
Bitches b saying no but body b saying yes ain't nobody bout to rape u bitch ğŸ˜’,0
"I hate a "" you need to eat healthy "" Ass Bitch like hoe I'm tryna die early leave me alone.",0
"You put your bitch on the shelf , Nigga I make my hoe bring the cab back ",0
"Kisses, bitch. I don't hate you and I don't want to feel this mad, burnt, and fucking brushed off. Free Willy, cunt.",0
FINE ASS BITCH. CUTE ASS HOE. YOU A FUCKING BADDIE BITCH. I FUCKING LOVE YOUUUUU https://t.co/Br6LLFBBXm,1
@BlackBreedMe You nasty little slutty whore your Pussy belong to me,0
"shut up i love Those puma shoes already but a bitch is broke so ,,,, im Still going to try to buy it ğŸ‘…",0
Depression is a whole entire bitch,0
This dude over here harassing my life again- as if he's apart of it. Shut the hell up little Bitch. Re open my twitter whore page you made,0
you can never take a L off a real bitchğŸ˜© im hotter than them hoes that you chill wğŸ˜‚ https://t.co/kzUZlgSyuB,1
Love it when people try to talk to me and I don't realise what a bitchy moody cunt I am that doesny stop ranting like,0
"Christmas trees are just regular trees that decided to become drag queens. Misty-Mistle-hoe came to sleigh, bitch. @MattBellassai",0
"It's funny when people say ""if someone says they're a boy, they're a boy!"" while calling me a ""bitch"" or a ""cunt,"" referencing my gender.",0
@Kcoop1k Bitch you owe me a couple blunts hoe,0
You wear makeup bc you're insecure nah hoe I just like artsy stuff & makeup is fun as fuck to do. Find something else to bitch about lol,0
have you ever called a dude a hoe or a bitch like he one of your bitches? ğŸ’€ i be slipping up,0
BITCH HOLD UP try putting yourself in her shoes you wouldnt even know what to do and how to react,0
NIGGA IM HOOOOTTTTTTT DONT SPEAK ON ME YOU BITCH ASS NIGGA ... NIGGAS DIE FOR THAT SHIT YOU READY FOR THAT LIFE HOE ASS NIGGA,0
@EllexMay @LozzimusPrime I prefer to be a cunt than a jealous bitch xD,0
"@adaizsalanisha Im trippin ? ğŸ˜ man bitch if you keep my fucking name out yo mouth dumb ass lil hoe , i understand yâ€¦ https://t.co/jdrkAcdcss",1
Morning.  Twitter is being anal and trying to be a safe space for terminally offended.  Don't say cunt fuck bitch wanker ... cunts,0
You actin like yo bum ass daddy scaring us BITCH I'll slap that nigga with my dick don't play hoe,0
@Johnny___kilroy a hole whore out here literally and figuratively ğŸ˜‚ğŸ–•,0
"ğŸ¤” you ever notice how ""go text them other hoes"" backwards is ""i got options bitch so dont play""",0
I wish GOD would jus BITCH slap our whole planet into realizing it's not Kool what's goin on!!!! Jus my take on it..,0
"Whoever broke into my car and stole my weed this morning; I guess no one ever told you, NEVER steal from a witch. Karma's a bitch",0
"@FabianDragons @E3NintendoBot Bitch, I'm fun for the whole goddamned family",0
"Every light skin bitch use this emoji ""ğŸ¯"" when they saying they a snack. ğŸ™„ Hoe you taste like butter not honey hoe.",0
@lucydeshae__ @_freeshank Hoe you down bad & you crazyyyyyy!!!! Ion think they hear y'all bitch !!!!ğŸ˜‚ğŸ˜‚ğŸ˜‚,0
Dumb cunt ass cheating bitch doesn't deserve shit in this world but herpes ğŸ™‚ğŸ™‚ğŸ™‚ https://t.co/uHM4buNUA3,1
Bitch really just killed my whole vibe,0
madami ako nababasa na victim of like rapes and the people are blaming the victim pa like bitch diba they are innocent,0
when ugly hoes try to come for you .... Bitch DISGUSTING,0
â€œ No yo ass single cause you tell yo bitch business... to unknown hoes. â€,0
My mom said when I did she call dibs on my shoes bitch why you thinking about your child's death tf ğŸ˜‚ğŸ˜­,0
Keep the toxic people out of your life because they ain't nothing but bitch ass hoes,0
"Magnolia - Lil Wayne remix   ""And I. Fuck. These. Hoes. If. I. Don't. Dose. Off. On. That drank. If I. Do. Bitch you to blame, Coochie lame""",0
"Some dude is so angry outside at his girl he is yelling that she's a fuckin bitch, whore and he hopes she and her whole family die horribly",0
@yungscunt Bitch eat,0
These lil mut whores keep dickeating my man and they not even fans like bitch gtfoh,0
"@chandaclondon @KatySlaysBitch @xBillSkarsgardx Well, I think a wench comes from renaissance - ""whore""  Seemed out of line to me.",0
brianne swear to god she beyoncÃ© ğŸ˜‚ bitch you from the calliope project ass hoe,0
@grapeskittle0 I'm a basic bitch what can I say,0
@allencayla Bitch you look like this without make up STOP PLAYING WITH ME. This hoe be on my dick man. https://t.co/qHz3MBBH3U,1
bitch whole pussy out wit some pro-keds on.,0
@its_miguelcunt bitch ğŸ˜‚ mm fuck it,0
@pksohi_ I'm so mad who gets me sick in summer like you're a bitch whoever it was ğŸ˜‚ğŸ˜‚ğŸ˜‚,0
"@cashewsandeggs Calling BS. As a femboy or a tomboy this bitch would have better ""rapey"" radar.",0
i need a bad bitch to rape me today.,0
"@Sesien ğŸ˜‚ğŸ˜‚ğŸ˜‚ good one bitch.  I still fuck badder hoes than you , habesha bitches ğŸ¤”ğŸ¤”.  Your irrelevant , bitch I knoâ€¦ https://t.co/WMQsBe54rY",1
@queenkiethy happy 16th birthday hoe!!! Have a blast bitch!!!,0
"Illegal Alien Charged In Alcohol-Fueled Hit-And-Run In Florida respect for life, or the law!#DeportThemAll #BuildTheWallNow",1
me and my sisters dog walking any bitch today so come on all you hating hoes,0
and no ian gon do fw yo clique but the next hoe that you love i bet i make that hoe my bitch âœ…,0
"Do you know how many bullets I would take for Taylor, Camila, the whole cast of riverdale and ari? Bitch shoot all the guns at me",0
Whoever's just hacked my bnet i hope you die in a ditch bitch,0
@realDonaldTrump Bitch you're such a hoe.,0
Bitch our streak is dying @CuntessLady https://t.co/zEhSRma558,1
"For everyone who calls me a bitch, hoe, annoying, ugly, emo, etc. you're probably right congrats here's your medal good job ğŸ‘",0
my cholesterol was 288 and i got it down to 225 bitch i'm omw,0
@violetchackii SMH IM NOT     CUNT FUCK SHIT BITCH     I wanna be shadowbanned idk sis,0
@Sorcelll @FolkloreCunt @LivineGaming BITCH IM 8 INCHES!,0
You one of them who take pictures of his legs at the beach basic bitch hoein https://t.co/bmo1biWqhP,1
"My bitch ass brother cooked salmon an didn't clean up ANTHIN , now the whole fuckin house smells like DIRTY PUSSY #ITWENTTHRUTHEVENTS",0
Instinct leads me to another flow every time I hear a brother call a girl a bitch or a hoe,0
@RicanGuard Bitch you were supposed to be home 30mins ago you fat hoe,0
ğŸ˜¤ NO BITCH WTF GIVE THIS SHIT TO YOUR LIL SIDE HOE https://t.co/3xgnw5fEtL,1
"My nail girl was hyping me up the whole time   ""I love your hair""  ""I love your eyelashes""  ""I love your outfit""  Like yass bitch, here's ya tip",0
@Gucci_kingTae nah I'm not gonna call you that  that's for whores     you just my bitch ;),0
@CNN LOLOLOLOLOLOLOL!! Damn. This guy really is a political WHORE. A first class bend-me-over bitch.,0
I'll never eat another bitch pussy as long as I'm breathing you hoes are nasty,0
@Corey_WS bitch have you read The Order of The Phoenix?!,0
fuck marty that cunt ass pussy bitch,0
"It baffles me that women allow themselves to get mistreated by ain't shit ass dudes. BITCH you beautiful, act like it!!!!",0
"@troyman13 TF you gonna do hoe ass ? get the fuck outta my dm's hoe, unless you really wanna it bitch https://t.co/fhwOhwnDE1",1
@karebearwastakn @ImNotScottySire @rapashton Why the hell didn't you tag me in this too bitch I'm a vine hoe too,0
walk a mile in my shoes bitch i cant even walk a mile in my own,0
a bitch can never get under my skin about NOTHING i don't be paying you hoes no mind y'all be beefing with y'all self I be chillin,0
@cuntcallie Well we're getting one tomorrow bitch ğŸ’œ,0
"This whole ""love will find you if you wait"" is some bs. Bitch I been waiting my whole life and to whenI look for love I still can't find it",0
@glitter_comet Bruh this bitch so pale and ugly. Disgusting ass racist white cunt https://t.co/s4VPbdSA7L,1
I'll eat a nigga phone before I let him sneak & put me on Snapchat IG Twitter FBğŸ’¯ bitch you not finna ever make me lose no hoes,0
IM GONNA BUY BTS X PUMA SHOES THE FIRST TWEET I SAID BYE BITCH IM',0
"Shoes? $1,200!  Glasses? Like $400.  But bitch, my outfit??  $20, bitch.    Get yourself together, bitch.  Learn how to budget, hoe.",0
"dis why i didn't want you following me you think everything is about u but i mean if the shoe fits go ahead, lace that bitch up & wear it",0
"The real problem is illegal immigration and if Cristhian Bahena Rivera wasnt in our country, Mollie would be alive today. #MollieTibbets #dummycratoftheweek #justiceforMollie #ElizabethWarren #IllegalAliens",1
Miami was my whole life a bitch will.be back next month real live lol,0
I can be the bitch  I can play the whore  Or your Fairy-Tale princess who could ask for more  #LyricBot,0
If a nigga who knows you were with his bitch right before him and gives you the side eye  He a hoe,0
@chipisacunt OMG BITCH WE HAVE TO GO I'M GONNA SCREAM,0
1 whole year for nysc bitch I am mad.,0
You hoes barely got this & that but be quick too say sum bout where somebody work bitch go get you a job ho,0
@_BigMommaThang Friday ? Bitch that's a whole damn week,0
"You ""love"" her but soon as she makes you mad she's a ""a dumb bitch"" or a ""ghetto ass hoe"" smh",0
"Vocabulary of Social Media losers "" bitch"" ""Cunt"" ""pussy"" etc ğŸ˜‚ğŸ˜‚ğŸ˜‚",0
"My mom FaceTimed me to show off new shoes she got and was like ""no cabe duda que soy una Bitch"" i love her ğŸ˜‚",0
"mann fuck a bitch , fuck feelingsğŸ–• .Yall Hoes sneaky ğŸš®. I Hate All You Bitches â—ï¸. Wish you Bitches Die ğŸ˜Œ ..Goodnight ğŸ˜ğŸ”‘â¤ï¸",0
"Y'all: ""Treat me loke a nutrag when we fuck"" blah blah BITCH IF I Wanted A FUCKING NUTRAG I'LL USE MY LEFT HAND WHORE! Be ACTIVE!",0
@NicMcCunty2 @mancbouncer Now nic bitch he proper dribbling stoopid,0
@melaniestocko Bitch stfu. Whoever is telling you that or making you feel that way can kick rocks. And you can tell them I said so.,0
@PerroHOE Perro stop acting like I don't always chop u up Bitch,0
@MeekMill YOU KILLED THT BITCH. I'm a drake Stan and this hoe sonically better than more life ğŸ”¥ I knew when u ran up on faree old u was back,0
The shoes are cheap they 70 but the website that sells and ships to me is selling them for like 139 so Iâ€™m just like BITCH,0
@ZCWproductions Cunt boy got it fucked up. I handle shit and handled his bitch ass,0
I really need to stick to the whole gluten free thing.. celiacs a bitch,0
"Hoes will be hoes, bitches will be bitches, and Eryka will be mothafuckin' ERYKA! Thank you bitch!",0
@HAWofPA @MariGrace555 @foxandfriends @GriffJenkins yea bitch we are out hoe and ???? what you going to do hoe,0
theres nothing more i hate than joffery. cunt lookin ass bitch,0
My little brother should've been a girl I swear he's the biggest cry baby little bitch like how my dad & sisters are assholes??? ğŸ™„ğŸ˜’,0
@qweenhoe bitch you guessed it!,0
My Shoes 1 Of A Kind Bitch You Can't Find These In New Orleans,0
Rape the rapist fuck the rapist rape the rapist and Im doing it with h8te bitch,0
"the ""hoe don't do it/oh my god"" and ""bitch you guessed it/you was right"" vines occupy the same spiritual plane",0
@brianstelter @JonLemire @CNN But he'll bitch about it the whole time 24/7 while screaming at the TV. What a lazy loser.,0
You can always tell a wack bitch by her shoes ğŸ˜‚dead ass,0
Fuck whoever drank 2 of my teas. Fuck you. And your fucking family. And I wish bad juju karma on you. Because you're a mf cunt waffle.,0
"Bitch, I'm prolly gonna be depressed my whole life with how it's lookin LMFAOO",0
A Bitch Don't Be Worried About You Hoes Ease Up ğŸ™„,0
I tweeted Rachel Starr I loved her every day for like 4 whole years and we STILL ain't married. Like how much fuckin love you need bitch???,0
@exohoe AM I SUUPOSED TO FEEL LOVE ? BITCH I DO,0
fun fact: this is a 1975 lyric and some local bitch tried saying this was about her & that I called her a whore inâ€¦ https://t.co/9kCO7ZvTt8,1
i didnt tweet that junhoe is that bitch today but just remember that he is that bitch,0
If it's fuck me then it's fuck you. Y give a fuck? Yall still ğŸ‘¿hoesğŸ‘¿ playing tic tac like some bitch ğŸ‘¿ass kids. Undercover ğŸ˜¡booty faggots. ğŸ‘¿,0
im that bitch that will fuck your homies when I find out u aint shit .. like damn I knew I should've hit him instead .. thats not hoe shit,0
Bitch I'm cool af if you curve me you a lame hoe ğŸ˜‚,0
21 savage: You put a ring on that bitch and she a freak hoe     Also 21 Savage: https://t.co/lbyeiac96s,1
"@yaboiimike1 You a bitch mike snake ass hoe mike stfu before I steal your nvm you don't got one lmfao ""looking"" lmaâ€¦ https://t.co/CMwMcF2kp3",1
My mom called me a shoe whore and it's true </3 lol,0
@Car @HoelyVerses Bitch you stole this from Tron,0
"Ay bitches its time to rock an fuckin roll, if theres any slags out there wanna come 2 me gaff giz a bell ont blower     CUNT",0
"BITCH YOU A PEDO YOU STILL TALKING BOUT CREDIT CARDS, been going past 2 days like a hurt HOE @thatduderex",0
Bitch I clearly realized that already look at my name. Dumb cunt https://t.co/FrFiV48MUm,1
The next person to call me a fat bitch or a fat cunt is getting their fucking teeth knocked down their throat .. I am not the one â€¼ï¸ğŸ˜Š,0
Yeah Bc this bitch boutta get raped and murdered so no shit she ain't ever comin back https://t.co/ByjXSba9Wt,1
"i was like oH hEll nO bITCh, so i just kinda like looked away and he went to sit down and the whole time he kept looking over at me",0
bitch I'm gonna slap those hoes commenting about other members when YOU SHOULD BE GRATEFUL THAT NAMJOON IS THERE https://t.co/YItsQUD0AG,1
God Bless: the intro? im fucked UP BITCH I LOVE. pretty ass chorus. the imagery she uses matched with her voice is angelic queen of womenğŸ‡ºğŸ‡¸,0
Then stop being a whore and tell her? Dumb bitch https://t.co/zzXqLjISbl,1
If You My Bitch You My Bitch then and that just means You My     Bestie   In  This  Crazy  HellHole,0
@elizaa_jasminee Bitch you are going slow I was like Ima mug this hoe and it was you ğŸ˜‚ğŸ˜­,0
"I hate stupid ass questions   Like. ""My head hurt""    ""Why""    Bitch cause my head hurt hoe I have a headache",0
"bitches be on this hoe reading threads on how to take care of their man and please em, like bitch if you don't figure it out fo yoself lol",0
"""Media Blackout: DACA Recipient Threatens To Commit Mass Shooting At New York High School via @USIACrimeReportShe is NOT an """"undocumented immigrant""""!She is an """"Illegal Alien Terrorist""""!#BuildTheWall#EnforceUSLaws#DeportThemAll#NoAmnesty""",1
@_Qalandar_ calling me selfish bitch is ok   U knw what u r a jealous cunt   Mri life aur barbad na kro   Coz what I'm going thro is I knw,0
bitch ass hoe you feel me,0
"@AhsanNasir5 @enough14 @AZeckenbiss Gtfo off europe. Here is no place for you, you rapefugee.",1
Niggas bitch about women because they not used to getting women.,0
"And if you ask me, you a bitch ass nigga if you let another hoe disrespect the mother of your kids ğŸ‘",0
"bitch please stop calling me candy mouth , fucking whore https://t.co/ssYWtAxz4y",1
She asked if i wanna suck pussy biTCH I BEEN DOING THAT THIS WHOLE TIME,0
Bitch im watching Friends at my friend house and why they got phoebe carrying 3 triplets for her brother that seems weird,0
"I'm a whole bitch lol aj know all it take is a ""I love you, bestfriend."" & he get's whatever he wants ğŸ™†â€â™‚ï¸",0
Bitch shut up u a whore https://t.co/G3KmUDntEY,1
My ex tried to hurt me yesterday...so I tore him a new asshole. No one gets that I'm actually a bitch. #notevensorry,0
I'm the most sensitive bitch in the whole entire world bc I take everything to heart ğŸ™‚ğŸ™‚ğŸ™‚ğŸ™‚ğŸ™‚ and I hate it sm,0
This nasty bitch raped her sister and WW are still team Lena Dunham. Seriously how,0
@JoshCh_1 @CashNastyGaming @iiShoelace Dude your not showing your face so why should I bitch,0
"2. ""Ya so the guys from yesterday who were harassing the lifeguards are  and theyrecalling *unnamed lifeguard* a cunt, bitch, etc...""...",0
"Do u know how many times black femmes/woc are called NEGATIVE, BITCH, CUNT just for existing, speaking mind, challenging old norms",0
Hoowww did youuu get here?! Bitch I caught the bus hoe! ğŸ˜­ğŸ’€,0
@OiNoya they couldn't deal with his hair. too vegas bitch. vegas whore teas were spilt.,0
ğŸŒ¶ğŸŒ¶ğŸŒ¶ hey Dave ILYSM haahah bitch you're my karaoke whore! Hurry tf and get back we finna do shit LMAO! I love SM boo thank you for everything,0
Previously Deported Illegal Alien Charged With Raping 15-Year-Old Girl In Kansas How many more victims?#BuildTheWall#DeportThemAllCrime was committed with premeditation during the commission of a Felony.#LifeWithoutParole#DeathPenalty,1
@FifaOverHoes ğŸ˜‚ğŸ˜‚ğŸ˜‚ğŸ˜‚ğŸ˜‚ğŸ˜‚ğŸ˜‚ life's a bitch,0
@SCVSHERIFF which one of you shitheads invaded my privacy at my home then drove off like a bitch last night? Ask the whole dept for me,0
@violetchackii Shit Fuck bitch cunt,0
@WelshGooner95 @paul_donohoe74 Haha he's a right little bitch,0
@Ronnie2K you a bitch don't make another 2k them hoes be cheating bring 2k15 back fuck nigga,0
@thugwaifu @deadhomosexual @NatarshaAU she calls me a whore when really im a cyber slut smh,0
Just like every other social justice cunt: bitch doesn't know anything about the economy. https://t.co/Bb6r5h99dt,1
@KarenUniteWomen @DrJillStein Karmas a bitch jill stein.  Your being investigated by the FBI for russian ties.,0
"idk why my icon isnt apoo cuz he is my number one fav, i think i just really love caesar's whole aesthetic  love this goth bitch",0
@keegdm ğŸ˜‚ğŸ˜‚ğŸ˜‚ğŸ˜‚ Bitch he'll be getting more than just shoes ğŸ‘€ğŸ˜,0
When I was a young bitch! I swear you hoes couldn't fuck with me! Miami 5 times in one year. From paying $200 for a set of nails .,0
" WHAT THE FUCK--     The spoon got stuck in his hair.    "" BITCH DON'T BE DRAMATIC THERE'S NO HOLE OR BLOOD. """,0
You just fwm no more never did bitch ionkno whores,0
Man i wanna smack the bitch that sent 2pac to jail for rape ğŸ˜’ğŸ˜’,0
@smileitscoree Bitch yesterday you didn't text back . But shut up we gone smoke hoe,0
@BTS_twt bitch i can't wait to buy the shit outta those shoes got damn,0
"Fuck those ultra liberal cunt rags on ""The View"". They should be careful of what they say. They're hateful bitches pushing tainted agendas.",0
"There's absolutely no bitch or hoe in my blood. I think people underestimate that, though-which is fine.     You'll just learn the hard way.",0
It's 2017 n bitches still don't kno the difference between being freaky and being a whore ğŸ˜‚ğŸ˜‚,0
"I did not come to play with you hoes, I came to slay, bitch",0
@jakepaul ur vids are great but learn to not be an asshole off camera bitch,0
"Saudi Arabia is the U.S's bitch, they fuck her and then give her skyscrapers and gold plated cars. While the rest of Arabia starves.",0
@__SHANYA_ Bitch you got plans! With me hoe!,0
When one of your old hoes dm you saying '' oh your bio is finally clean'' like bitch you disrespectful bye ğŸ˜’,0
Bitch shut your bubble gum ass the fuck up kick rocks hoe https://t.co/lORa2SByJO,1
@chrissriosss Dude we call each other bitch/hoe 24/7 ğŸ™„ğŸ˜‚â¤,0
"@KellyannePolls Trump called McCain a loser for being a POW, as was my dad. Your skanky arse, will soon be on the street. Few want 50+ whore",0
@cheee_01 okay bitch tf . butttttt im going outta town in a few days whore ğŸ˜œğŸ˜œ,0
I Hope Whoever Watching My Page Going Back Telling Chris What I Post ' Get You A Life Miserable Bitch,0
Can't wait to dye and cut my hair. Gone be a whole new bitch.ğŸ˜œ,0
This dude is a whole bitch ğŸ˜­,0
That Hoe Karma Is Bad Bitch ğŸ˜©,0
u scared to rape a bitch? I cant relate,0
If you aren't able to sing the whole song don't sing the bitch at all then.,0
"3) ""you okay?"" ""Fuck you you fat bitch."" ""Fuck you too whore""",0
@Lizz_x_ Bitch and you froze mine! Now how am I gonna get new shoes before I leave? ğŸ˜‘,0
@realDonaldTrump WHERE IS YOUR BITCH ASS AT TONITE??? I KNOW YOU ARE SCARED AS SH**!! THE WORLD AWAITS YOUR DEMISE YOU THIN-SKINNED ASSHOLE!,0
Bitches kill me with that bitch wanna be me hoe you don't wanna be yourselfğŸ™„ğŸ˜’,0
Can't believe some italians had the audacity to bitch about us the whole train journey then ask for one of our haribos,0
ugh why are people so in love with me. living off my business WELLL bitch you put your whole life on here,0
"Fuck these hoes !!! They ain't gone send you nowhere but to the clinic or hell , let that bitch keep them problemsâ€¦ https://t.co/aL4zvU9wkU",1
"@_cuntea he's a cockapoo LMAO  10/10 would recommend tho, v small and cute and smart and lov to be ur bitch",0
"If you have a bitch, don't text me. Don't try to flirt with me. Respect your hoe. I should not have to be the one defending this thot.",0
@saayylorrr @morgan_muth @abigaillll2 you lame bitch that's all you can say... smh you a fake ass hoe like nobody lâ€¦ https://t.co/zlekNdSBFe,1
"not even about to make it hotğŸ™„ğŸ˜‚stay in your laneğŸ˜•no ones worried bout you, but hey if the shoe fit then lace that bitch up & wear itğŸ˜‡",0
@chyyriptre @PrrettyRedd You must be the side hoe or the low key hoe you providing you fuck with him a bitch who fwâ€¦ https://t.co/CVU3hrxRBr,1
females are even worse ğŸ’€ fuccin whores will clique up when they only got one thing in common = mutual hate for ONE bitch.,0
âœ¨ğŸŒˆ: wasupppp dykeğŸ˜‚ I love you daddy lmaooo you my bitch and you cute and gay asffff smoke one before school hoe !,0
"@DanBilzerian Weren't you a trump touting asshole? Don't bitch now, bitch boy.",0
"""@ceraldi_carleen I am sure he lied about it on his application. They need to deport him like they're doing to all naturalized citizens who """"lied"""" on the apps. #sendthemback""",1
ight y'all so it's almost my birthday &&& with that being said i'm tryna be shaaaaapoppping . whole new bitch feel me . so bam vote,0
"Bitches be selling they body and acting boogie, bitch you a hoe I see right through you",0
@LoneWolf964 @x_markdaspot @imaniblacktv leave my bitch alone people make mistakes so stfu a go somewhere you big shoe lookin ass mf,0
"stop JUDGING bitches by there cover, jus cuz she bad don't mean she's a catch shawdy could be a whore ğŸ‘€ das opposite of a keeper",0
Karmas a bitch hoe & on my momma you gon get yours.,0
You wanted to leave me now you stuck with money hungry stuck up hoes good luck finding a faithful loving bitch like me ğŸ˜‡,0
@hoe4wonho Bitch you're stuck with that LMAO,0
@velvetpjm BITCH DID Y'ALL HEAR THAT HARMONY?!! Kim Seokjin came to remind you hoes what a vocal king sounds like,0
@littlesourtaste @messytourvan If he's being a little bitch then he needs to be treated like one. He's an absolute cunt.,0
"but why do bad built/ugly hoes have the most shit to talk. like it irritates tf outta me, if you don't sit yo ugly ass down somewhere bitch",0
S/O to all you lurking hoes and bitch ass niggas ğŸ˜‡ğŸ–•,0
@OnlineMagazin I'm not for hitting children but this rugrat is the exceptionsend his mini muslim ass to Turkey if it's so great!!#CloseTheBorders #SendThemBack #BanIslam #BanMuslims,1
How are you gonna yell through the whole house cause you heard someone rolling over and the bed creaked. Bitch what?,0
I am a broke bitch that wants the bts puma shoes and I cannot pay in love,0
@hoetogenic BITCH soon but he's done this before,0
You & yo bitch some ratchet Bonnie & Clyde hoe,0
"I be lowkey puzzled when random hoes block me...like bitch ion even know you, fuck you mad at me for?",0
Am I the only one who agrees with Montana??? Gabby is a snakey cunt karmas a bitchğŸ˜˜ğŸ˜˜ #loveisland2017,1
@DenzelPhoenix ğŸ˜‚ğŸ˜‚ğŸ˜‚ğŸ˜‚ I been feeling like this 4 a while but thought it was bad because she's happy but BITCH YOU HAVE OTHER JOBS 2 DO!!,0
"You Hoes ARE NOT Slim Thicc, You Just A Little Less Fat Compared 2 A Regular Size Fat Bitch!!!",0
@happiestkyj You're a funny bitch and I love you cunt :) â™¡â™¡,0
anyway this bitch is back and ready to detest boygroups minus bts and bap with her whole heart and being,0
I HATE NICK BRO LIKE NO STFU BITCH ASS CUNT,0
@Trapez13 Bitch you scared me. I thought something happened,0
period boobs got you feelin like a whole new bitch,0
@scrowder if there were a female 007 SJW's would bitch about portraying violence against women.,0
ANYONE WHOEVER DOUBTED LOUIS & SAID HE COULDNT SING GO LISTEN TO #BackToYou & IF U DONT CHANGE UR MIND UR JUST A BITTER BITCH,0
this bitch escaped prison like 2 or 3 times and he fled to florida and killed more women there but a cop pulled him over and he was caught,0
"@ashonasty Ash you deserve alllll the hate you get you hoe ass bitch, out here being a damn Hypocrite you and cash some damn FAKES. Hoes",0
@DidNaziMeComing farm rapes are real too bitch,0
"Stop Looking at us asshole.  You don't know me anymore.  I know you 're a bitch since jhs.  Sorry not sorry, but i'm a mother fucking bitch.ğŸ”¥",0
"When you gotta break check a little teenage bitch at 7am, already. Learn to drive hoe",0
"@RedEyes_Sword ""How many times do I have to tell you; I speak English. Not bitch, not whore nothing besides English.""",0
bay bitch  always on the move witch  dick to dick  don't know who to pick  you think you're going up  i'll keep it on the low  you're just a hoe,0
"I have never raped a bitch, but I will break a bitch. â€“ @Kandi's official season 10 tagline! #RHOA",0
But donâ€™t let â€˜em hear you fucking these hoes thoughâ°He gonâ€™ kill you â€˜bout that bitch,0
@ebehoncho Bitch yk I don't eat pussy fuck hoe,0
"swear, next bitch i fuck ima get her pregnant ğŸ˜ˆğŸ’¯ cummin for you hoe!",0
"2. ""Ya so the guys from yesterday who were harassing the lifeguards are  and theyrecalling *unnamed lifeguard* a cunt, bitch, etc...""...",0
"happy birthday bitch, hope you have a great one hoe! ğŸ˜ŠğŸ’ @pastrano_bailey",0
@SpeakerRyan hey asshole we don't care if you don't want the wall we want it and you answer us dirtbag bitch,0
"When I die, whoever speaks .... I need you to start off whatever you say with ""that was a bad bitch""",0
"""They should have beaten the """"teen"""" (probably a bearded rapefugee) within an inch of his life. Castrate and deport.""",1
Nail salon playin sad ass MFn songs totally ruining my whole treat yo bad ass queen self attitude while I try to hold back lil bitch tears.,0
Whoever the last bitch you was fucking with tell her it's over ğŸ˜,0
I hate when a bitch call you ugly hoe you had to Sneak up on a mirror ğŸ˜ğŸ˜‚tf,0
I hope they give Orenthal another 9 1/2 years and let him rot and die in that hell hole. Karma is a bitch and so is OJ. #feedOJ,0
guy asked me what shoe size I Am so I said 8 & he was like you're my size & I'm like either I have a big foot or you got a small one;) bitch,0
"I can never have a conversation  with my best friend without calling her ""bitch"" or ""hoe"" ğŸ˜­â¤ï¸ coz I mean dassss my bitch â¤ï¸ğŸ˜ƒğŸ˜",0
If that's true Ky is a bitch. But he's the best PG in the league so let's grab whoever Bron wants to play with in a trade & win more titles,0
I'm about to bitch slap bro so he know he's a hoe,0
Illegal Alien (Who Obama Released) Sexually Assaulted 14-Year-Old Girl In New York via @USIACrimeReport@realDonaldTrump #NoDACADeal #BuildTheWall #KeepAmericaSafeWhy is he still here?#DeportThemAll #ProtectOurChildren,1
bitch you just said you don't fuck with that boyğŸ˜‚ğŸ˜‚ğŸ˜‚ hoe blew me,0
I get so excited when I make a hair appt bc I know I'm about to be a WHOLE new bitch ğŸ˜‚ğŸ‘±â€â™€ï¸ğŸ’‡ğŸ˜›â—ï¸,0
@VIdarVikingElvi I love how you think calling someone a dumb bitch is okay though. Your hate for women is very telling.,0
"the crazy part is, y'all be moving on soooo quick. out here talking to a new bitch the next day. you are a straight burnt out hoe LMAAAO.",0
I need $$ for them shoes but a bitch like me is broke :(,0
"Fuck @realDonaldTrump yous a bitch, legalize weed hoe as nigga.",0
Salmon cost P400 per 1/4 size of the whole fish.     And i was like    Okay bitch no money needs to waste.,0
Omg these hoes at Bank of America so mf rude . Like bitch if this glass wasn't between us I would snatch you up,0
"@alina_gleb Idk, I'd rather die than be sentenced life in jail and become someone's bitch who rapes me.",0
Whoever just got the last pair of them top 3 1's from laced up you a bitch ğŸ˜’,0
"Some of you hoes think you so bad. You might have bad breath, bad credit, and be badly built but you not a bad bitch",0
take your shoes off when you enter my home. bitch,0
"Shakespeare was really wildin' back in the days, calling everyone & everything a cunt    bitch same tf",0
What a disgusting fucking cunt this bitch is I hope she was attacked by the dogs defending their owner #getridofthem https://t.co/2ths8dVweG,1
I really be feeling like a whole new ass bitch with my hair straight,0
Neva trust a bitchğŸ¤˜ if she tell you she don't got hoes or nigga's her ass lyingğŸ’¯,0
@questhoe you fuckin WHORE happy birthday I love you and you make me so proud im thankful i know you brodie,0
Woman Dies After Being Pushed Out Of Speeding SUV By Previously Deported Illegal Alien via @USIACrimeReport#BuildTheWall #NoAmnesty #NoDACADeal #DeportThemAll,1
shaved my whole fucking body and I feel like a brand new bitch,0
"Ice cream machine was down, which means no Frape. No coffee = bitch ğŸ’â€â™€ï¸",0
I'm actually in the same position but this bitch wanna act like a cunt towards me so guess what u ain't knowing shit https://t.co/VzuE7N7VUn,1
@AuburnJulia @Satiricali @classicconservv @rufffitzwilliam @Mellecon @ihate_everyone2 you don't know me to call me a whore bitch.,0
i LOVE you you are one of my closest friends here and i love everything about our friendship and i just love u so much bitch u are my hoe,0
"Lifes a bitch, cause a hoe is too easy",0
@ItsJordannHoe Is even more funny when u say it loud and when u cursing like bitch bitchy Bitch ahhh Bitch lmao,0
"Whenever HP is on I have this sick need to watch it & bitch the whole time.   Scene that grind my gears:  ""HARRY DID U PUT UR NAME IN GOF!?""ğŸ“¢",0
"You a hoe â€” Bitch, this ain't a question or a confession  https://t.co/1uhNlXfWrQ",1
I don't love you bitch you a hoe I never will can't tell you my feelings because  pimpin don't feel @SugaFreeWisdom,0
BITCH. YUGYEOM IS A WHOLE DAMN LEGEND,0
"@Popephoenix The swamp yeah lol ""You from Baltimore bitch""",0
@PRyan BIGGEST MISTAKE EVER.. Can't wait for Karma to come around to visit all of you FUCKING ASSHOLES and SHE will She's a real BITCH   LOL,0
@Hey_fannnns  you see my text just like that bitch Carla period  Y'all bitches know ion go out sad bout shit like you hoes ğŸ’¯ yea ok I'm DTM,0
@geo2210 Who isn't troubled ? Bitch he had 6 kids. He's a selfish cunt.,0
"so me being the nice ass bitch i am, apologized to him thru chat. like ur hoe sent him a long ass message im telling you .and he just SEENED",0
"Tho they still showed their manipulative cunt and bitches sides among the ppl in prison, it made the drama somehow more interesting to enjoy",0
Yâ€™all dudes need to learn how to respect your girl donâ€™t call her ya â€œhoeâ€ or â€œbitchâ€ cause thatâ€™s not what she is. Sheâ€™s your queen. ğŸ˜¤ğŸ’¯,0
Must read.  Its like looking into the future hell bitch face clinton would have put us into.  We literally dodged a serious bullet folks.   #MAGA #KAG #BuildThatWall,0
I'm the nicest fucking person but if you come at me calling me a slut and such for having an opinion I will be a bitch to you. Not sorry.,0
@TylerL_Hoechlin turn your snapchat map on bitch i just wanna talk,0
"@CnoteGang Cool. And for my bday too. Since YOU ARE COMING WITH ME HOE. Idk bout Josh, BUT I WILL KIDNAP YOU BITCH",0
@kissmeyouhoe I love your header bitch https://t.co/ZdcNH3EPup,1
BITCH THOSE ARE SOME NICE ASS SHOES,0
@phoebemaustin tell josh he's gonna get a bitch slap ğŸ‘‹,0
I preordered 7 wings concept book and they all came without the lenticular i was a depressed bitch for a whole week,0
Iâ€™m so tired of seeing these dirty ass rat hoes getting on this bitch bashing niggas you got treated like a hoe who the fuck cares ğŸ˜‘,0
@seoklust BITCH ! i would write a whole thesis statement on why i hate ur crusty ass but omf i love u to death HAPPY BIRTHDAY WIFIE ğŸ˜»,0
My exes are going bowling together even though one was calling the other a cunt/Bitch last week?!?!?,0
"To whoever stole Â£60 of my birthday money out of my room, you are a bitch and you're not allowed round againâ˜ºï¸ğŸ–•",0
happy birthday to the stupidest hoe i know. the retarded cunt inspire me in more way than she know. i love this dumb bitch @slurpMYcoco ğŸ‰ğŸ˜˜,0
@CinematicDiscos Also the whole bitch thing you did to my bio is kinda what I was going to do for my name link,0
@milly4l I know bitch you'll love dem hoes dere ğŸ˜­ğŸ˜ğŸ˜,0
you can rent a hoe but you cant buy a bitch,0
Merkel will not allow media to report; 'migrant' beheads 1yr old baby girl! #EuropeWeeps #NeverSharia #DeportThemAll #WakeUpEurope #WakeUpAustralia #WakeUpAmerica,1
"@taeharem Bitch, I'm,,,,,, I'm glad you shared. I'm flattered ğŸ˜© I love you hoe â¤ğŸ·â¤",0
@fuckitup_rudy @hoesluvKayla so why you followed me la bitch? you and your what? ğŸ˜‚ğŸ˜‚ğŸ˜‚ğŸ˜‚ğŸ˜‚ğŸ˜‚ğŸ˜‚,0
Joanne: I'm the worst mother ever   Me: Earlier you said I couldn't be a hoe because I give it away for free   Joanne: HA! Bitch got no money,0
"Hate seeing articles about ""what men should or should not wear/do..."" To whoever comes up with this sh!t: BITCH, mind your own business...",0
"My resting bitch face makes me look angry as fuck sometimes, whole time I'm happy af. And no bitch I don't want to smile.",0
BITCH MINSEOK CENTER IS SO DAMN BEAUTIFUL A WHOLE MAIN DANCER,0
"There's so much other shit that can go wrong in a relationship, I don't have time to bitch over you liking pics. I'm liking them hoes too.",0
I #want meğŸ™Œ and I will do anything to #keep meâœ¨ğŸ’¯ & Fuck any cock-sucking sum #bitch or #whore who does not feel da sameğŸ‘Œ #JUDAS,0
Where are you going whore? Fucking bitch. -Random stranger I walked by today. I swear I am getting grief from everyone these days.,0
@RayaElaine_ Bitch imma mad then a hoe imma call you when I get home,0
Bitch I went from survey specialist to Therapeutic Preschool Specialist aye,0
Now it makes sense why they cast that dumb Bitch Lena Dunham. Her cunt ass looks like she would join a cult https://t.co/vfXiarDOv4,1
The next hoe that you love I bet I'll make that hoe my Bitch ğŸ˜˜ğŸ¤˜.,0
Bitch whore son of bitch shit pig dinosaur elephant rhino monkey dog. https://t.co/LMgaX3kqrQ,1
Look at me bitch I got everything you hoes want,0
i rlly rlly rlly rlly rlly wanna buy those puma shoes but bITCH I JUST BOUGHT AN ALBUM AND I HAVE LIKE 50 PESOS IN MY WALLET,0
Every bitch got a rainbow in her bio or by her name so all you hoes gay now or is it a wave y'all on,0
"She's a hoe, she ugly, such a bitch YOU DATED HER PLZ SIT DOWN FELLA",0
I hate being questioned about what kind of friend I am bitch you one of my friends u should know hoe been friends since the 7th grade,0
Yo... Miguel Arango is actually such a hoe when you watch Rebelde again like he cheated on Mia then kept secretly liking Sabrina.. bitch bye,0
Gavin is a whole ass bitch like nigga ğŸ˜‚ğŸ˜‚ğŸ˜‚ğŸ˜‚ don't ever come for me and you haven't even hit puberty yet,0
"@CNN What a Asshole..Trump you lieing ""Bitch..",0
"@IlusionistaFC @Heroespania why? hes a fucking snake cunt bitch, its not the clubs fault. hope he dies",0
Been listening to LP th whole shift. Life is a bitch. But we must continue the fight. RIP,0
"I'm a bad bitch, I'm a cunt. ğŸ’˜",0
@naydollazfyb @ErocMr We'll see...never hear from that bitch until he dies. Just like you hoe.,0
@Deevom82 Basically the whole song is 'you're going to get it bitch'.,0
I'm so excited to get new glasses bc I'm a whole new bitch with new glasses,0
Trump's a bitch. I'll make his whole brand go under!!,0
i'm saving money rn to fuckin buy those puma shoes bitch,0
"@kelleycometrue I'll always talk to you bitch. Weve been through a lot and when I can't handle life(you know me)I know I have you, hoe! â™¥ï¸ u",0
"@MotherJones He should be careful about that if there are women in his family, because that bitch Karma has a funny sense of humor.",0
This little bitch who used to be the homie but ranked out for being a bitch is now dating my baby mamağŸ˜‚ğŸ’€ shady shit haha you hoes nastyğŸ˜‚,0
Fucking hate females on here who just whore themselves out and then moan when guys respond! Fake bitches! Thankfully i DON'T respond!,0
@lilashley1994 @CortezzStevie Naw bitch Ima talk every day until then hoe. Who the fuck your thought you was talkinâ€¦ https://t.co/EeVIIjsiHp,1
A hoe ass bitch & a bitch ass nigga only gonna act towards you the way you allow them.,0
I'm 10 Toes Behind My Bitch So If She Don't Like You Guess What? I Don't Like You Either Luh WhoresğŸ˜›,0
"Jack ""misplaced"" his phone karma is a bitch next time don't eat the last slice of cake u fat fucking cunt",0
When guys see a dude with Wine GOOD FOR YOU BRO!    when women see a dude with Wine AWWWWW Lucky Bitch ğŸ˜‚ğŸ˜‚ğŸ˜‚,0
uGh n e ways my irl always pushing me to buy svt hi touch ticket and the puma shoes uH BITCH i would've bought them if i have money annoYing,0
@kusha1a @Camio_the_wise @shoe0nhead 1. Never said you were taught.  2. You called me bitch first.  3. I don't fuckinâ€¦ https://t.co/fyJqlvpegM,1
White shoes are so cute but such a bitch to keep clean ğŸ˜¤,0
"A stuck up bitch, a whore and a lesbian. I swear no one has had as fucked up a love life as me. @sammyinlala @shaymitch #shaymitchell",0
Kirk Douglas raped Natalie wood and this son of bitch get to live 100 while natalie wood is dead,0
"Baby you deserve the better things.Let me show it, prove it. What these other hoes ain't doing. Let a real bitch do it, like I can",0
I heard that bitch stay on her shit. So you KNOW THE HOE LOYAL,0
"@BADDERthanyouu_ lmfaoo bitch y'all hoes been ""21"" ğŸ˜‚",0
@YourMusicWhore see you again and foreword are easily the best on that bitch.,0
The gym has me feeling like a whole new bitch!,0
@BlasVince @Will_Hollywood_ You got me with the bitch ass hoe comment!! ğŸ˜‚ğŸ˜‚ğŸ˜­ğŸ’€,0
"@Gawdessgood You ASAP yams built body Bitch, wasn't I your body goals a few weeks ago? Fuck outta here orangutang titty flopping hoe.",0
"I may be a bitch, but never call me a thief. I may be a cunt, but I will never steal.",0
"Whatever happened to heartbreak songs with a rebuttal?   Him: Fuck u, u hoe, I don't want you back  Her: Good Lil dick Bitch I aint comin back",0
You the whore; slinging your dick back and forth through every bitch https://t.co/oEOf6brqQj,1
happy birthday you skank whore @shah_tshah !!!! â¤ï¸ğŸ‰ğŸ‰ have a great one don't hoe too hard,0
I know dis bitch thats letting her hubby rape their daughterğŸ˜’ the world fucked up https://t.co/YqRkMZGb1u,1
someone ever get in your way and you say sorry because you're a polite ass bitch and they don't say anything back & you're like lol IGHT HOE,0
"@DaveOshry @jasonsoprovich Bitch, Im sitting on the floor of the Phoenix airport with this shirt.",0
I hate sneaky hoes like bitch gtf back in your lane before I put you there.,0
I can never get mad over a bitch cause i know my place .. the madness come in when you keep being friendly with this hoe ğŸ’¯,0
"@chadbeams Bitch ill keep tweeting at you , you shrimp dick ass hoe fuck you",0
"Bitch u can't insinuate someone else isnt doing anything with their life when u don't know them. ğŸ˜‚ Hoe, you're notâ€¦ https://t.co/aJt5uFUGuk",1
"My cousins and dude made me slow down on being crazy, but I'm still the same bitch that taze hoes at the school house!",0
@lanzyAB @MyHoeStory Well read wah he posted very well n u will know why karma will hit him like a bitch,0
"To all the bitch ass hoes that hate me the most, oh yeah I hate you too",0
"@FantTheBoss123 Bitch we dont fw 12, thats you! Police ass hoe!! Run to grants real fast and brang yo ass ONğŸ’¯ğŸ’¯",0
"Yooo y'all remember when Tyler said ""rape a pregnant bitch and tell my friends I had a 3sum"" now he's singing about calling him lol growth",0
"@champagne_lassi But I have seen girls accepting terms like bitch, hoe so casually.... I feel ashamed myself, where has respect gone",0
When is enough. When is congress going to get rid of this asshole Trump. This son of a bitch is bad news,0
I love when needy bitches block me so I don't have to.     Like hello cunt I have a life,0
"I wonder if any of my employees from Chattanooga are texting each other like ""glad that asshole is out of town this week lmao bitch""",0
You can continue to sit in the punk bitch section with all the other blocked hoes https://t.co/wYbYynpQSa,1
@RyanAbe This is inhumaneğŸ˜” Karma is a bitch she ll get around these brainless heartless assholes!,0
Idc if I am pregnant you hoes getting creative too this bitch keke called me Winnie the Pooh and his crew,0
"I LOVE WATCHING YOUTUBE VIDEOS WHERE THEY CALL OUT YOUTUBERS OR WHOEVER. I DEADASS LOVE CALL OUT CULTURE, IT'S PETTY BUT BITCH AND?",0
IF UR LAME AND DONT WANNA SEE A DRUNK CUNT TWEET ABOUT HER LATE NIGHT THOUGHTS THEN SMASH THAT UNFOLLOW BUTTON BITCH  BC HERE I FUCKEN GO,0
The double standards of bitch amazes me. These hoes lose their mind when you do them how they do you.,0
I wish I had a reliable down to earth bitch I could just gather and take with me when I move but y'all a bunch of sneaky cunts,0
"You won't catch me on this hoe arguing with a bitch lol , bitches are not worth my time ..",0
@AvenDones Lol they always say a little trim but when you look in the mirror you're a whole new Bitch ğŸ˜­,0
5. last time i cried bitch i cry every day i am a phoenix so when i cry someone else comes back 2 life thank me later,0
"The worst thing anybody can ever call me is ah HOE, BITCH AND STUPID ğŸ˜¤that shit take me to a whole different mind set ğŸ’¯ğŸ™„",0
Hoes be like happy birthday son I can't believe your 8 already. Like what you can't believe bitch? You had him in high school,0
bitch i want those shoes so bad they are so nice,0
Ion want your side hoe I want your main bitch,0
@FFxkie @qltitude No he's just a cunt he calls me a slut when I've done no shit to him,0
First time I got my eyebrows done was like two weeks ago and ever since then I feel like a whole new bitch,0
"The shit Ima miss from home...""fuck it just rape the bitch.""",0
When u give a hoe a compliment and the bitch don't say thank you ğŸ™„ I HATE THAT SHIT like who raised u?,0
@MadisonPOTUS4 @TMannWSJ How trump 'moves in like a bitch' with women,0
@exohoe BITCH WHICH SONG IS THIS,0
"@Xaviorozco74 So you're telling me you dont enjoy constant use of the words bitch, yeaaaaaa, fook, egypt, hoe, or even peanut head? ğŸ˜‚",0
@supercuntbros put me as a caster/mage class or something. I can be the support bitch.,0
Get reckless Ima pull up with a stick nigga stop stunting for them hoes you a bitch nigga!,0
Chester from linkin park killed himself. Bitch wtf my whole life is done like who,0
"Bitch how is you gonna claim to be a ""real"" nigga, yet still on that hoe shit? I'm not understanding the math, i'm ????",0
@JEEZPHOEBS Smoke weed bitch,0
"If I call you a bitch or whore during sex don't be afraid to smack the shit outta me & flip me over talm bout ""NO NIGGA YOU THE BITCH HERE""",0
@bloodypunkss Sorry for all the cunts in this thread. Little boys wouldn't know how to handle a punk bitch anyways ğŸ‘ğŸ‘,0
I'm tired of bitches wearin no clothes then got the nerve to say niggas is insecure like bitch I'm tryn help you not look like a hoe,0
"Some will take the hint and leave. Others willl force you to exchange numbers/social media @ or you'll be a ""dirty foot hoe"" ""ugly bitch""",0
"Lol if we're being honest I spent the whole day depressed as a bitch in my room, this is the only time I've felt ok today .. rn at 11pm",0
My mom think she is rational all the time when she says the cunt and bitch when yelling at a 8 year old and 13 year old,0
@re_Claire @ViolasDisguise Drinking beer out of a wine glass makes you look like a cunt... Man or woman,0
Fuck i'm drunk but if you meet a mf by the name of tanner parry at any bars by all means fight that bitch he's a hoe ass motherfucker,0
I love the way I'm a bitch & a cunt for telling someone to piss off after they msg me 12 times in a row & I don't reply like omg ur a pest.,0
"To all you hoes that rejected my shot this summer, you missed yo blessing Bitch",0
@DMTaylor91 @NigerianBrother @JackN4Tweets_ Bitch said Payless shoes are you tryna let your kid get bullied,0
I got 99 problems and hayfever is the biggest bitch of them all the cunt,0
"I know I can be a cunty ass bitch,  but for real I'm actually joking 73% of the time :)",0
@kobkbeto @RvuuL Bitch ass hoe answer my question haha you going?,0
@irockhoes_ I like subs better anyways because you catch way more substance IMO... but he dead sound like a bitch lol,0
I don't fuck with none of y'all bitch ass whores-,0
@RealKyleMorris @non99402819 Shut the fuck up ! #BuildThatWall,0
Some of these Instagram hoes have herpes. Bitch you nasty,0
to the asshole who was speeding & hit my cat this morning: you're a dick and i hate you and karma is coming for your bitch ass !,0
Don't call a woman a bitch. Call her an ass-hole. It still gets your point across and it's not sexist. - Eleanor Roosevelt #tt,0
"You seem like a hoe    Ok bitch? Did I ever deny that?   Nope, Next.",0
"Women empowering other women - That shit is lit. Like yasss bitch, you are amazing, go you. We can all shine TOGETHER â¤ï¸",0
He don't know me I'm a WHOREEEEEE VIA BRITTNEY BITCH,0
I'm glad I have friends who call each other queens and goddesses not bitch or whore.     #goalsreached,0
I get called a hoe way too often for someone who isn't a hoe. Like bitch I wish I was a hoe smh you not hurting my feelings that's my goal,0
y'all ... I came to the gym all excited to see my trainer and he says why are you wearing chanclas? A bitch forgot to switch shoes. ğŸ˜’â˜¹ï¸,0
*is that all you do?* Bitch I like to smoke I'm living the life hoes,0
Become a whole new bitch when them eyebrows on fleeeeekğŸ‘…,0
um who are you is probably the most dumb bitch response from a spoiled whore you could get.,0
I told them hoez I only neede one pain killer but they told me take 2 just in case and bitch let me tell you,0
@whiskeyfairy_ Sell me your makeup then hoe! I'm extra bitch lmao,0
"Got my nails and hair did today, I'm a whole new bitch",0
My boxers match my shoes bitch,0
You hoes stay on that NUT shit stop giving the next bitch problems because THE NIGGA CHOSE not to fwy â—ï¸,0
I can be a bitch and an asshole but I will love you and care about you more than any other person you have met.,0
@ViolentVeggy @phoenixwizard Bigger problem when you don't drink at home and go out and bitch,0
BITCH. They ship TODAY if you order before 1pm + they have Afterpay and free samples. UP UR GAME HOES,0
U have NO right to judge which women are better you bitch,0
im a bitch and have sick sense of humor so no one likes me but i'm just like whatevs boo you whore,0
Women carry a sacred and divine energy. Remember that the next time someone calls you a bitch,0
"And you're a hoe like you I said mind your business or get slapped, you wish it was you they was arguing over bitchâ€¦ https://t.co/UkoR6KwaKC",1
@DropThe_Mic @SenJohnMcCain @GeraldFSeib @WSJ Go to HELL bitch. McCain is a hero. Show some respect asshole ğŸ˜¡ğŸ˜¡ğŸ˜¡,0
"I was like ""aye its Friday"" then I got that direct deposit and then I was like ""AYEEEEEE BITCH ITS FRIDAY UP IN THIS HOE FUCK YOU MEAN BOI""",0
"I love it when you said, ""the bitch is back."" ğŸ˜Š I missed you assholes! ğŸ˜™ğŸŒµ",0
@_KILLYOSELFHOE_ Around my birthday . Bitch you wonâ€™t kidnap my ass ğŸ˜‚ğŸ˜‚ğŸ˜‚,0
"Hoes wanna get bold AFTER the fact. Bitch bye. Where was you at when we called yall out for round 2, 3 or 4? ğŸ¤” Scary.",0
Yo... Miguel Arango is actually such a hoe when you watch Rebelde again like he cheated on Mia then kept secretly liking Sabrina.. bitch bye,0
Cause that's my mans bitch! Stop dicksucking hoes who hoe you lame https://t.co/2yy1AXcTlc,1
Bitch....how the fuck. Siri you a dumb ass hoe https://t.co/nldwbLrK10,1
@KyrieIrving look at you.. all of a sudden.... bitch I'm about to burn your fucking jersey hoe. ğŸ˜‚,0
I kinda  want to throw my shoes out now that dude kyrie a bitch,0
"Karma a bitch y'all, ion fw that hoe",0
Why do HOES tweet about other hoes? ğŸ‘ bitch you're ran through,0
minseok really is that bitch he stole the whole show,0
"@JBsGhost Step to me, I'd smack around your ignorant, racist ass. Bitch boy. I'll make you clean your blood off my shoes.",0
@ashtonrcno Happy Birthday! Thanks for twisting my ankle that one time when we were kids asshole. I'm still holding that against you! Bitch.,0
@iZeNFuL @PatTheCaster They can scrim whoever they fucking want this isn't a fucking chall you dumb bitch,0
"And anyone who says otherwise is either a grade-A asshole or has no idea what they are talking about. Being depressed is a bitch, but...",0
"Why don't you sound Mexican? Because I learned English from the street bitch, straight out of Hope Arkansas hoe! .. anymore questions â˜ºï¸",0
@AmyMek Which are the VISA OVERSTAYERS???#DeportThemAll Dumb Ass Bitch declaring they believe in GOD & won't have any part of any misgivings about Muslims!,0
I know I must make a lot of you hoes sick; All I can tell you is get use to it bitch ğŸ˜˜,0
Bitch idc when Ima see you hoe!!! https://t.co/okenclLk5h,1
So now you friends with JAVEN bitch fuck you hoe ! ... â€” OMG BITCHğŸ˜‚ğŸ˜‚ğŸ˜‚ğŸ˜‚ https://t.co/ufmU0wSw8r,1
"OMG LAST RETWEET I DIER AT ""GRAPE"" LIKE BITCH WTF I JUST WANT A NICE SWEATSHIRT AINT NO FRUIT IN THIS BITCH",0
@mademeathiest i felt like such an asshole but bitch it's lana del rey come on sweaty,0
If you call a bitch a hoe based off her sexual activity then body counts matter to you . I rest my case,0
Not to sound like a corny ass bitch but like if I think about my friends too long my eyes begin to water like I LOVE you hoes.,0
Nigga they donâ€™t like yo hoe ass no more so they unfollowed you. Ainâ€™t no glitch bitch lmaoooooo https://t.co/vX989lEsCp,1
@TrappinTrav shut ya bitch ass up before I pull up to ya house. You hoemade just like that fat trel wanna be nigga,0
Bitch cunt dick,0
Where are you going whore? Fucking bitch. -Random stranger I walked by today. I swear I am getting grief from everyone these days.,0
I just wanna thank whoever made the text free apps cus a bitch tired of getting blocked. oh im blocked? Let me call you from a different # ğŸ¤—,0
@monbieby Bitch u know. You a good bitch. You mah main hoe. LoveyouğŸ˜˜ğŸ’•,0
Gabriel Graves Fuck You hoe I'm Make your life a living hell bitch,0
Kick off ya shoes & relax ya fuckin feet bitch,0
@iLuvSippinDirty Right like bitch just be a hoe no need to flex you making money of some shit you invented ğŸ˜‚ğŸ˜‚,0
"Funny how my whole middle school bullied me but now they either turned out weird , fat ,  or ugly lmao my bitch karma dont know how to act ğŸ˜­",0
And what am i gonna do if they lock me up he asks ? Bitch I'll eat pizza tomorrow cause its Friday hoe,0
I live in such a way that you won't find any drunken whore pics of me. You may see sass but you aren't going to see me slutty. #becausekids,0
"Whoever was the fucking piece of shit who broke into my car and stole my late mother's purse, I hope #karma gets you, bitch. #FuckYou",0
"@twitersgoodboy I once saw an Australian porn where the woman said, ""ooh, you dirty little cunt...stick that schlanger in me kookaburra""",0
"@KyrieIrving Fuck your bitch ass. Soft ass muhfugga. LBJ going to LAL next year anyway, hoe.",0
"@JEEZPHOEBS I would rather refer to you as: ""Ginger Bitch""",0
"I'm not a slut, just a whore",0
"Hair appointment soon, finna be a whole new bitch",0
Bitch call me ugly again you dumb whore ğŸ˜‚ stay tf where you at and outa my business you mad ass bitch ğŸ–• -Ashhh ğŸ˜˜ https://t.co/6I8Pp9KNa8,1
"@JustinTrudeau YOU OWE HER FAMILY AN APOLOGY FOR BRINGING HER MURDERER TO CANADA!!! He's still here & us taxpayers are paying to feed, house and protect him #nooneprotectedMarissa #whatifitwasyourfamilymember #yourenotmovingfastenoughonthis #NOMOREREFUGEES",1
@Cornjdw Lmao fuck you bitch don't get mad at me cuz u don't know the game of basketball hoe,0
if you like that weekend song you a side bitch ğŸ—£ let's argue hoes ğŸ˜‚,0
I'm a hoe ass bitch - @jack,0
"If the shoes fits, lace that bitch up & wear it.",0
"""From the All Cultures Are Equal DepartmentMerry Old EnglandAt his trial an African invader who violently, repeatedly raped a 17-year-old white girl in a graveyard proudly says""""Yes, I did that. WHY NOT?""""#SendThemBack""",1
Fuck these hoes! can't no bitch do shit for you but give you a headache and tell you want to do & what not to do,0
Biggest hoe in Redding bruh so any nigga fucking with her I'm telling you now the Bitch got STDS ğŸ’€ğŸ’€ https://t.co/Vf7AugOSa1,1
When you wear Olympic weightlifting shoes for squats but still can't hit depth. lol. You bitch,0
Get it right bitch . im wife hoe . and nun of you broke bitches cant replace me .,0
@biethanhunt Unfortunately you're in a sticky size. :( My only problem is replacing my shoes has been a bitch,0
"you a gay ass bitch who seeks attention, STOP! I knew ever since you gonna switch up on me... I guess you did FUCKING SNAKE ASS HOE!",0
"Wish I was a Bitch, like just for one day can I be a heartless cunt ğŸ˜©",0
"IF YOU HAVE TRIED TO GET W/ A GIRL YOU ARE NOT ALLOWED TO CALL HER DEMEANING NAMES LIKE ""slut, whore, etc"" SORRY BOUT YALL ğŸ—£ğŸ—£ğŸ—£",0
"@Carlos_thoee happy bday chachi!!!! Keep being the bad bitch that you are, ready for party next year ğŸ’“ğŸ’“ğŸ’“",0
Tell me why I bought 3 shirts online & they came in the mail today & I feel like a whole new confident ass bitch ğŸ˜‚ğŸ˜‚,0
When your friend still tries to convince you to apply for UST ğŸ˜‚ğŸ™ˆ Cutiee though but you still a hoe bitch @Moi_Koi https://t.co/CM2mqXNSV2,1
"Bitch you ain't gotta call my phone, matter fact all you hoes can leave me alone!! ğŸ’¯",0
"Bitches wanna make a  post after I make a post thinking it's about them like bitch this shoe don't fit your foot , Not this time dummyğŸ’.",0
Many of you so called Men out here are BITCH MADE HOES. Ya moms should've SWALLOWED most definitely!,0
Yeah bitch I am gonna restate how bad I wanna move out and start my life away from my asshole family,0
a whole BOX of oreos bitch,0
Coz I'm a femmy hoe bitch and I live my truth.,0
"i cant wait to have the monies so i can buy shoes, im gonna be that broke bitch with way too many shoes and not enough for stuff i need",0
warning to all you dumb bitches: i don't do no dumb bitch/hoe shit. ğŸ‘‹,0
I'll never call a bitch my bestfriend you hoes switch up to much .,0
@jalenccc You came in my mentions first but okay hoe goodnight ily bitch and I know this picture of this dog just mâ€¦ https://t.co/plepEwCidr,1
if you hitting women you a bitch,0
Bitch how?? Nobody watched your videos. You we're just a hoe for male rappers sis.. U not even a rapper at all honeâ€¦ https://t.co/mcIPJuVIA8,1
No bitch you need to answer the phone you fake whoreğŸ˜Š https://t.co/yHhJSVLB7K,1
No Filter Ill Smack The Shit outta You that Bitch the next Bitch && Whoever Tf Else,0
LANA SAYIN BITCH AND FUCK HAS GIVEN ME A WHOLE NEW LIFE #LustForLife,0
"She's a hoe, she's ugly, she's a bitch, she's this, she's that .. but you dated her ? please, take a seat.",0
"If I don't greet you by saying ""hey hoe"" or ""hey bitch"" chances are I don't like you",0
@selfishmqchines yOU BITCH PANSEXUALITY IS REAL CHOEK,0
@queenp3arlz bitch I'm sad as hell shit ruined my whole day now I gotta go sit by a lake and skip rocks and contemplate life,0
your home boy your block that you're from boo boo lil hoes you went to school with boo boo bby mama & your new bitch boo boo,0
im not a fan of puma shoes but BITCH I WANT A PUMA SHOES . by bts .,0
theres nothing more i hate than joffery. cunt lookin ass bitch,0
Not being boastful but OML I bet any bitch you fckin with ain like me period .. you down bad I promise them hoes  go bend and fold on you,0
Be that bitch that says you don't want those hoes in your home. Why do you even have to be friends with his friwnds? #friendzone,0
@TheMechromancer BITCH!!! KJSLK:DJSLKDJ THE ANIMATION IS SO GOOD! THE WHOLE VOICE CAST!! I AM SUDDENLY A KID AGAIN???,0
you get to asking hoes question they start laughing bitch turn yo goofy down,0
don't get all huffy n puffy w me when i ask you to wait 2 extra mins so u can buy ur shoes at my register i need my commission bitch,0
Your a hoe looking to taken care of...nobody wants to deal with a lazy bitch...male or female!,0
Some bitch told me I'm to in love with my truck and bike....  Bye bye cunt.,0
"pimp all day , i even pimp in my sleep when i wake up i smoke a blunt before i eat. hoe don't violate bitch you know i taught you better.",0
Whoever called me unknown and said the shit they said...you're a pussy ass bitch.,0
Bitch I'm kuntry I do what I want,0
@A_Olives3 #BuildThatWall send her back hommeeeee! Hahaha,1
I THINK ILL HAVE A RAP BITCH FOR MY ENTREE CAUSE THEY BE THINKING NIGGAS SPIT SPIT SHINE MY SHOES YOU KNOW I KEEPSâ€¦ https://t.co/DO1AOPh8KJ,1
You A Side Bitch You A Substitute ğŸ‘©â€ğŸ« You Wifing Hoes ğŸ¤” That's What Suckas Do ğŸ­,0
If you're a man and you're shoe size anything under a 10 yous a bitch,0
"I fr hate when people but black screens on Snapchat and put a whole damn rant on their story. Like no bitch , that's not what snap is for",0
like you dudes be so worried about ya bitch being hoes but y'all deadass be the maaainnn problemmm. look in the mirror and you'll see a hoe.,0
@sigahret whatever i dont need ur permission to rape u anyways bitch,0
@SportsJOE_UK What a complete bitch he is..  sour cunt,0
@leegunhoe BITCH I'M TRYING TO SEARCH YOUR ACCOUNT THIS MORNING BUT IT SAYS USER NOT FOUND ARE YOU DEACTIVATING THEN REACTIVATE AGAIN???,0
"I may act like a stuck up, self absorbed, conceited cunt, but behind all that, deep down, I'm still a bitch",0
"Bitch said systematic rape is real, I know most of twitter is retarded",0
Yo whoever took my shoes last night is a broke back bitch lmao,0
